case,model_origin,bpmn_file,log_file,seed,participant_count,message_flow_count,normal_trace_count,abnormal_trace_count,anomaly_type,injection_ground_truth,injected_messages,expected_participants,detected_participants,detected_minas,strict_rule_ids,detected,strict_repair_success,bpmn_sha256,log_sha256
synthetic_scale_05p_012m,synthetic_scaled_collaboration,experiments/synthetic_scale_05p_012m/collaboration.bpmn,experiments/synthetic_scale_05p_012m/global_log_0.txt,20270809,5,12,8,1,sequence_inversion,swap sequential messages S01_M005 and S01_M006,"[""S01_M005"", ""S01_M006""]","[""Coordinator""]","[""Coordinator""]","{""Coordinator"": ["".(S01_M005,S01_M006)""]}","{""Coordinator"": [5]}",True,True,999933a4e28193dfd56ceb58d3268c4d3b419c8bc1eab57ac8c106681dad186c,86d37ce516ada6a849081f571afdb384aaef7f0893180554e500d2b606fc8201
synthetic_scale_05p_012m,synthetic_scaled_collaboration,experiments/synthetic_scale_05p_012m/collaboration.bpmn,experiments/synthetic_scale_05p_012m/global_log_1.txt,20270809,5,12,8,1,missing_message,delete message S01_M007,"[""S01_M007""]","[""Coordinator""]","[""Coordinator"", ""Partner_01""]","{""Coordinator"": [""S01_M007""], ""Partner_01"": [""S01_M007""]}","{""Coordinator"": [2], ""Partner_01"": [2]}",True,True,999933a4e28193dfd56ceb58d3268c4d3b419c8bc1eab57ac8c106681dad186c,5de72174ea9c1bf67c76617d9373359f3dddecec280feab2c9791a06fb09a59c
synthetic_scale_05p_012m,synthetic_scaled_collaboration,experiments/synthetic_scale_05p_012m/collaboration.bpmn,experiments/synthetic_scale_05p_012m/global_log_2.txt,20270809,5,12,8,1,missing_message,delete message S01_M010,"[""S01_M010""]","[""Coordinator""]","[""Coordinator""]","{""Coordinator"": [""S01_M010""]}","{""Coordinator"": [2]}",True,True,999933a4e28193dfd56ceb58d3268c4d3b419c8bc1eab57ac8c106681dad186c,7c37e5ec46e3ed33d5237e04ca199963c6b4b581f968555384935eaa96e5e0dd
synthetic_scale_05p_012m,synthetic_scaled_collaboration,experiments/synthetic_scale_05p_012m/collaboration.bpmn,experiments/synthetic_scale_05p_012m/global_log_3.txt,20270809,5,12,8,1,missing_message,delete message S01_M009,"[""S01_M009""]","[""Coordinator""]","[""Coordinator""]","{""Coordinator"": [""S01_M009""]}","{""Coordinator"": [2]}",True,True,999933a4e28193dfd56ceb58d3268c4d3b419c8bc1eab57ac8c106681dad186c,9331cb1161624136feeeff2af0f7c54bc777bd936145691cbac54eaa66294346
synthetic_scale_05p_012m,synthetic_scaled_collaboration,experiments/synthetic_scale_05p_012m/collaboration.bpmn,experiments/synthetic_scale_05p_012m/global_log_4.txt,20270809,5,12,8,1,missing_message,delete message S01_M001,"[""S01_M001""]","[""Coordinator""]","[""Coordinator"", ""Partner_01""]","{""Coordinator"": [""S01_M001""], ""Partner_01"": [""S01_M001""]}","{""Coordinator"": [2], ""Partner_01"": [2]}",True,True,999933a4e28193dfd56ceb58d3268c4d3b419c8bc1eab57ac8c106681dad186c,db640d415223ee74eaea041401223072a491ab09976b9faf4d557e0c288b5901
synthetic_scale_05p_012m,synthetic_scaled_collaboration,experiments/synthetic_scale_05p_012m/collaboration.bpmn,experiments/synthetic_scale_05p_012m/global_log_5.txt,20270809,5,12,8,1,missing_message,delete message S01_M003,"[""S01_M003""]","[""Coordinator""]","[""Coordinator"", ""Partner_01""]","{""Coordinator"": [""S01_M003""], ""Partner_01"": [""S01_M003""]}","{""Coordinator"": [2], ""Partner_01"": [2]}",True,True,999933a4e28193dfd56ceb58d3268c4d3b419c8bc1eab57ac8c106681dad186c,53e95641393f30a08a583ff0ad9f3d78a23096fb6acb10784e4e703527c93a69
synthetic_scale_05p_012m,synthetic_scaled_collaboration,experiments/synthetic_scale_05p_012m/collaboration.bpmn,experiments/synthetic_scale_05p_012m/global_log_6.txt,20270809,5,12,8,1,sequence_inversion,swap sequential messages S01_M005 and S01_M006,"[""S01_M005"", ""S01_M006""]","[""Coordinator""]","[""Coordinator""]","{""Coordinator"": ["".(S01_M005,S01_M006)""]}","{""Coordinator"": [5]}",True,True,999933a4e28193dfd56ceb58d3268c4d3b419c8bc1eab57ac8c106681dad186c,268f5cea70b65ce57eed2d97137f2774a285124b9930c825f0cb1480ef892d2c
synthetic_scale_05p_012m,synthetic_scaled_collaboration,experiments/synthetic_scale_05p_012m/collaboration.bpmn,experiments/synthetic_scale_05p_012m/global_log_7.txt,20270809,5,12,8,1,sequence_inversion,swap sequential messages S01_M009 and S01_M010,"[""S01_M009"", ""S01_M010""]","[""Coordinator""]","[""Coordinator""]","{""Coordinator"": ["".(S01_M009,S01_M010)""]}","{""Coordinator"": [5]}",True,True,999933a4e28193dfd56ceb58d3268c4d3b419c8bc1eab57ac8c106681dad186c,277370efc3b0a2c0e000d60293a73977e75dd02e20b7a3a310a7aa6c8b71a4f7
synthetic_scale_05p_012m,synthetic_scaled_collaboration,experiments/synthetic_scale_05p_012m/collaboration.bpmn,experiments/synthetic_scale_05p_012m/global_log_8.txt,20270809,5,12,8,1,sequence_inversion,swap sequential messages S01_M001 and S01_M002,"[""S01_M001"", ""S01_M002""]","[""Coordinator""]","[""Coordinator""]","{""Coordinator"": ["".(S01_M001,S01_M002)""]}","{""Coordinator"": [5]}",True,True,999933a4e28193dfd56ceb58d3268c4d3b419c8bc1eab57ac8c106681dad186c,8ed15285b735e8ba71dae0719e0f1669d7cbb1bf49aa83bd50293362bc52e806
synthetic_scale_05p_012m,synthetic_scaled_collaboration,experiments/synthetic_scale_05p_012m/collaboration.bpmn,experiments/synthetic_scale_05p_012m/global_log_9.txt,20270809,5,12,8,1,sequence_inversion,swap sequential messages S01_M001 and S01_M002,"[""S01_M001"", ""S01_M002""]","[""Coordinator""]","[""Coordinator""]","{""Coordinator"": ["".(S01_M001,S01_M002)""]}","{""Coordinator"": [5]}",True,True,999933a4e28193dfd56ceb58d3268c4d3b419c8bc1eab57ac8c106681dad186c,2702affa777d0410d55be50f9a8b80c8d1c506a46fbde3f75d4870b2588c1cb7
synthetic_scale_05p_012m,synthetic_scaled_collaboration,experiments/synthetic_scale_05p_012m/collaboration.bpmn,experiments/synthetic_scale_05p_012m/global_log_10.txt,20270809,5,12,8,1,choice_conflict,execute mutually exclusive messages S01_M012 and S01_M011 together,"[""S01_M012"", ""S01_M011""]","[""Coordinator""]","[""Coordinator""]","{""Coordinator"": [""+(S01_M012,S01_M011)""]}","{""Coordinator"": [8]}",True,True,999933a4e28193dfd56ceb58d3268c4d3b419c8bc1eab57ac8c106681dad186c,d8655c9dbe4477114abb5da06e88d29008bb207a2ff8100b0521112c7a76ac1a
synthetic_scale_05p_012m,synthetic_scaled_collaboration,experiments/synthetic_scale_05p_012m/collaboration.bpmn,experiments/synthetic_scale_05p_012m/global_log_11.txt,20270809,5,12,8,1,choice_conflict,execute mutually exclusive messages S01_M012 and S01_M011 together,"[""S01_M012"", ""S01_M011""]","[""Coordinator""]","[""Coordinator""]","{""Coordinator"": [""+(S01_M012,S01_M011)""]}","{""Coordinator"": [8]}",True,True,999933a4e28193dfd56ceb58d3268c4d3b419c8bc1eab57ac8c106681dad186c,9eab93e344e20d65c9c46ef3b505c05fc92f12b16cc29153f291223f90647bf7
synthetic_scale_05p_012m,synthetic_scaled_collaboration,experiments/synthetic_scale_05p_012m/collaboration.bpmn,experiments/synthetic_scale_05p_012m/global_log_12.txt,20270809,5,12,8,1,choice_conflict,execute mutually exclusive messages S01_M011 and S01_M012 together,"[""S01_M011"", ""S01_M012""]","[""Coordinator""]","[""Coordinator""]","{""Coordinator"": [""+(S01_M012,S01_M011)""]}","{""Coordinator"": [8]}",True,True,999933a4e28193dfd56ceb58d3268c4d3b419c8bc1eab57ac8c106681dad186c,a5e0a4474cf1e4e0947665c38c9cfeca9fa33e5e9c7a45b55cbe488e2e890986
synthetic_scale_05p_012m,synthetic_scaled_collaboration,experiments/synthetic_scale_05p_012m/collaboration.bpmn,experiments/synthetic_scale_05p_012m/global_log_13.txt,20270809,5,12,8,1,choice_conflict,execute mutually exclusive messages S01_M011 and S01_M012 together,"[""S01_M011"", ""S01_M012""]","[""Coordinator""]","[""Coordinator""]","{""Coordinator"": [""+(S01_M012,S01_M011)""]}","{""Coordinator"": [8]}",True,True,999933a4e28193dfd56ceb58d3268c4d3b419c8bc1eab57ac8c106681dad186c,a20f293ce0c816f8f56b6ef77bbe8f6068bd4a1dd3800e4a8fc93b45055b5f2e
synthetic_scale_05p_012m,synthetic_scaled_collaboration,experiments/synthetic_scale_05p_012m/collaboration.bpmn,experiments/synthetic_scale_05p_012m/global_log_14.txt,20270809,5,12,8,1,choice_conflict,execute mutually exclusive messages S01_M012 and S01_M011 together,"[""S01_M012"", ""S01_M011""]","[""Coordinator""]","[""Coordinator""]","{""Coordinator"": [""+(S01_M012,S01_M011)""]}","{""Coordinator"": [8]}",True,True,999933a4e28193dfd56ceb58d3268c4d3b419c8bc1eab57ac8c106681dad186c,d531ee199e80b6ccced6dc31527694f55cf0f92aeb29b24c72f6d9c8937860a8
synthetic_scale_07p_020m,synthetic_scaled_collaboration,experiments/synthetic_scale_07p_020m/collaboration.bpmn,experiments/synthetic_scale_07p_020m/global_log_0.txt,20280809,7,20,12,1,missing_message,delete message S02_M006,"[""S02_M006""]","[""Coordinator""]","[""Coordinator"", ""Partner_02""]","{""Coordinator"": [""S02_M006""], ""Partner_02"": [""S02_M006""]}","{""Coordinator"": [2], ""Partner_02"": [2]}",True,True,fbebe9ae06a2e12e36eb5015cb777a6561f25132b30d4d37d0704564bfd18149,e365a468e25a4306f92c548c0601842fc27396cbb14d8e95bb6ba312675d14ae
synthetic_scale_07p_020m,synthetic_scaled_collaboration,experiments/synthetic_scale_07p_020m/collaboration.bpmn,experiments/synthetic_scale_07p_020m/global_log_1.txt,20280809,7,20,12,1,missing_message,delete message S02_M010,"[""S02_M010""]","[""Coordinator""]","[""Coordinator"", ""Partner_02""]","{""Coordinator"": [""S02_M010""], ""Partner_02"": [""S02_M010""]}","{""Coordinator"": [2], ""Partner_02"": [2]}",True,True,fbebe9ae06a2e12e36eb5015cb777a6561f25132b30d4d37d0704564bfd18149,6813f1951ba6c38340a1d7361e8ae15868698221b64757f06720c38cb43e6dc7
synthetic_scale_07p_020m,synthetic_scaled_collaboration,experiments/synthetic_scale_07p_020m/collaboration.bpmn,experiments/synthetic_scale_07p_020m/global_log_2.txt,20280809,7,20,12,1,missing_message,delete message S02_M014,"[""S02_M014""]","[""Coordinator""]","[""Coordinator"", ""Partner_02""]","{""Coordinator"": [""S02_M014""], ""Partner_02"": [""S02_M014""]}","{""Coordinator"": [2], ""Partner_02"": [2]}",True,True,fbebe9ae06a2e12e36eb5015cb777a6561f25132b30d4d37d0704564bfd18149,6bfa0912e2725a9177f81aa8927337dacc52a92f89fc1c209f07604d6996f971
synthetic_scale_07p_020m,synthetic_scaled_collaboration,experiments/synthetic_scale_07p_020m/collaboration.bpmn,experiments/synthetic_scale_07p_020m/global_log_3.txt,20280809,7,20,12,1,missing_message,delete message S02_M007,"[""S02_M007""]","[""Coordinator""]","[""Coordinator"", ""Partner_03""]","{""Coordinator"": [""S02_M007""], ""Partner_03"": [""S02_M007""]}","{""Coordinator"": [2], ""Partner_03"": [2]}",True,True,fbebe9ae06a2e12e36eb5015cb777a6561f25132b30d4d37d0704564bfd18149,d6823e3133700aa4d0b0d5c1cacda9af123fa6610c83e0e67caa9f5bf468e623
synthetic_scale_07p_020m,synthetic_scaled_collaboration,experiments/synthetic_scale_07p_020m/collaboration.bpmn,experiments/synthetic_scale_07p_020m/global_log_4.txt,20280809,7,20,12,1,choice_conflict,execute mutually exclusive messages S02_M019 and S02_M020 together,"[""S02_M019"", ""S02_M020""]","[""Coordinator""]","[""Coordinator""]","{""Coordinator"": [""+(S02_M020,S02_M019)""]}","{""Coordinator"": [8]}",True,True,fbebe9ae06a2e12e36eb5015cb777a6561f25132b30d4d37d0704564bfd18149,143e17683f79abcce88ca170f1c183f1917c09e9b928564f670c3d2a44d9b44f
synthetic_scale_07p_020m,synthetic_scaled_collaboration,experiments/synthetic_scale_07p_020m/collaboration.bpmn,experiments/synthetic_scale_07p_020m/global_log_5.txt,20280809,7,20,12,1,missing_message,delete message S02_M012,"[""S02_M012""]","[""Coordinator""]","[""Coordinator"", ""Partner_04""]","{""Coordinator"": [""S02_M012""], ""Partner_04"": [""S02_M012""]}","{""Coordinator"": [2], ""Partner_04"": [2]}",True,True,fbebe9ae06a2e12e36eb5015cb777a6561f25132b30d4d37d0704564bfd18149,f70dee579d61c47b75a5347112b34d28492e40c1ab6dc9d7b4871e273c9d16b8
synthetic_scale_07p_020m,synthetic_scaled_collaboration,experiments/synthetic_scale_07p_020m/collaboration.bpmn,experiments/synthetic_scale_07p_020m/global_log_6.txt,20280809,7,20,12,1,sequence_inversion,swap sequential messages S02_M013 and S02_M014,"[""S02_M013"", ""S02_M014""]","[""Coordinator""]","[""Coordinator""]","{""Coordinator"": ["".(S02_M013,S02_M014)""]}","{""Coordinator"": [5]}",True,True,fbebe9ae06a2e12e36eb5015cb777a6561f25132b30d4d37d0704564bfd18149,a4f970b9e3f64bf9f704ee14356225c5dd0f7f77fb952223f6ce27c7856ca721
synthetic_scale_07p_020m,synthetic_scaled_collaboration,experiments/synthetic_scale_07p_020m/collaboration.bpmn,experiments/synthetic_scale_07p_020m/global_log_7.txt,20280809,7,20,12,1,sequence_inversion,swap sequential messages S02_M005 and S02_M006,"[""S02_M005"", ""S02_M006""]","[""Coordinator""]","[""Coordinator""]","{""Coordinator"": ["".(S02_M005,S02_M006)""]}","{""Coordinator"": [5]}",True,True,fbebe9ae06a2e12e36eb5015cb777a6561f25132b30d4d37d0704564bfd18149,203ae9e7f836881909182f48e4ce2d6387e735f43ce99a45036426f9ca1962d5
synthetic_scale_07p_020m,synthetic_scaled_collaboration,experiments/synthetic_scale_07p_020m/collaboration.bpmn,experiments/synthetic_scale_07p_020m/global_log_8.txt,20280809,7,20,12,1,sequence_inversion,swap sequential messages S02_M009 and S02_M010,"[""S02_M009"", ""S02_M010""]","[""Coordinator""]","[""Coordinator""]","{""Coordinator"": ["".(S02_M009,S02_M010)""]}","{""Coordinator"": [5]}",True,True,fbebe9ae06a2e12e36eb5015cb777a6561f25132b30d4d37d0704564bfd18149,36c41b7ac634b9dc21105dcac3fd46942f8fe3b0b55feaf54b7ae864a58db708
synthetic_scale_07p_020m,synthetic_scaled_collaboration,experiments/synthetic_scale_07p_020m/collaboration.bpmn,experiments/synthetic_scale_07p_020m/global_log_9.txt,20280809,7,20,12,1,sequence_inversion,swap sequential messages S02_M001 and S02_M002,"[""S02_M001"", ""S02_M002""]","[""Coordinator""]","[""Coordinator""]","{""Coordinator"": ["".(S02_M001,S02_M002)""]}","{""Coordinator"": [5]}",True,True,fbebe9ae06a2e12e36eb5015cb777a6561f25132b30d4d37d0704564bfd18149,a59d917e77cec125f46557f790ace978020230b3d742fd20e0cccf0e28789ec3
synthetic_scale_07p_020m,synthetic_scaled_collaboration,experiments/synthetic_scale_07p_020m/collaboration.bpmn,experiments/synthetic_scale_07p_020m/global_log_10.txt,20280809,7,20,12,1,choice_conflict,execute mutually exclusive messages S02_M020 and S02_M019 together,"[""S02_M020"", ""S02_M019""]","[""Coordinator""]","[""Coordinator""]","{""Coordinator"": [""+(S02_M020,S02_M019)""]}","{""Coordinator"": [8]}",True,True,fbebe9ae06a2e12e36eb5015cb777a6561f25132b30d4d37d0704564bfd18149,dd7b91672a3bb60d9e4cf94a0748c4567deb6f4f8dd8b7dcdbbc55f3b90a9bfe
synthetic_scale_07p_020m,synthetic_scaled_collaboration,experiments/synthetic_scale_07p_020m/collaboration.bpmn,experiments/synthetic_scale_07p_020m/global_log_11.txt,20280809,7,20,12,1,sequence_inversion,swap sequential messages S02_M009 and S02_M010,"[""S02_M009"", ""S02_M010""]","[""Coordinator""]","[""Coordinator""]","{""Coordinator"": ["".(S02_M009,S02_M010)""]}","{""Coordinator"": [5]}",True,True,fbebe9ae06a2e12e36eb5015cb777a6561f25132b30d4d37d0704564bfd18149,4936886ddd0c3a5679f285d006187a5cbab092bdc28d18f2f3c3b8d1cf613c19
synthetic_scale_07p_020m,synthetic_scaled_collaboration,experiments/synthetic_scale_07p_020m/collaboration.bpmn,experiments/synthetic_scale_07p_020m/global_log_12.txt,20280809,7,20,12,1,choice_conflict,execute mutually exclusive messages S02_M019 and S02_M020 together,"[""S02_M019"", ""S02_M020""]","[""Coordinator""]","[""Coordinator""]","{""Coordinator"": [""+(S02_M020,S02_M019)""]}","{""Coordinator"": [8]}",True,True,fbebe9ae06a2e12e36eb5015cb777a6561f25132b30d4d37d0704564bfd18149,3000fab476b12aa8bfe25a0c4afb4b681a01e9484e9d2e11cb64017351356cc7
synthetic_scale_07p_020m,synthetic_scaled_collaboration,experiments/synthetic_scale_07p_020m/collaboration.bpmn,experiments/synthetic_scale_07p_020m/global_log_13.txt,20280809,7,20,12,1,choice_conflict,execute mutually exclusive messages S02_M019 and S02_M020 together,"[""S02_M019"", ""S02_M020""]","[""Coordinator""]","[""Coordinator""]","{""Coordinator"": [""+(S02_M020,S02_M019)""]}","{""Coordinator"": [8]}",True,True,fbebe9ae06a2e12e36eb5015cb777a6561f25132b30d4d37d0704564bfd18149,49bb5e6d8ddb297e906d277f7043fd64503836ffd4260a3d7dfbdb356934c0d7
synthetic_scale_07p_020m,synthetic_scaled_collaboration,experiments/synthetic_scale_07p_020m/collaboration.bpmn,experiments/synthetic_scale_07p_020m/global_log_14.txt,20280809,7,20,12,1,choice_conflict,execute mutually exclusive messages S02_M020 and S02_M019 together,"[""S02_M020"", ""S02_M019""]","[""Coordinator""]","[""Coordinator""]","{""Coordinator"": [""+(S02_M020,S02_M019)""]}","{""Coordinator"": [8]}",True,True,fbebe9ae06a2e12e36eb5015cb777a6561f25132b30d4d37d0704564bfd18149,ec043c2c2e09543e3344458df0647e9f1505edf2c5aa5796b58a6ad6b0939b33
synthetic_scale_09p_032m,synthetic_scaled_collaboration,experiments/synthetic_scale_09p_032m/collaboration.bpmn,experiments/synthetic_scale_09p_032m/global_log_0.txt,20290809,9,32,12,1,missing_message,delete message S03_M009,"[""S03_M009""]","[""Coordinator""]","[""Coordinator"", ""Partner_03""]","{""Coordinator"": [""S03_M009""], ""Partner_03"": [""S03_M009""]}","{""Coordinator"": [2], ""Partner_03"": [2]}",True,True,0ce40eab98494d06d79f6c6e241356abc6d8898ee8b141d374603a881d8c8415,4eb020e1da5b28e9e7ce28cbb308801d1e98985bb780849ac64393c71aad8d87
synthetic_scale_09p_032m,synthetic_scaled_collaboration,experiments/synthetic_scale_09p_032m/collaboration.bpmn,experiments/synthetic_scale_09p_032m/global_log_1.txt,20290809,9,32,12,1,sequence_inversion,swap sequential messages S03_M025 and S03_M026,"[""S03_M025"", ""S03_M026""]","[""Coordinator""]","[""Coordinator""]","{""Coordinator"": ["".(S03_M025,S03_M026)""]}","{""Coordinator"": [5]}",True,True,0ce40eab98494d06d79f6c6e241356abc6d8898ee8b141d374603a881d8c8415,9309e785a7973a7b75353c120b0e9dac4b154e62d6909ab56ead2aa03ee893c2
synthetic_scale_09p_032m,synthetic_scaled_collaboration,experiments/synthetic_scale_09p_032m/collaboration.bpmn,experiments/synthetic_scale_09p_032m/global_log_2.txt,20290809,9,32,12,1,missing_message,delete message S03_M022,"[""S03_M022""]","[""Coordinator""]","[""Coordinator"", ""Partner_04""]","{""Coordinator"": [""S03_M022""], ""Partner_04"": [""S03_M022""]}","{""Coordinator"": [2], ""Partner_04"": [2]}",True,True,0ce40eab98494d06d79f6c6e241356abc6d8898ee8b141d374603a881d8c8415,3d06001cc38cfaecffd7905c3f84e02f4f878e2093167ff474dc398e39331831
synthetic_scale_09p_032m,synthetic_scaled_collaboration,experiments/synthetic_scale_09p_032m/collaboration.bpmn,experiments/synthetic_scale_09p_032m/global_log_3.txt,20290809,9,32,12,1,missing_message,delete message S03_M029,"[""S03_M029""]","[""Coordinator""]","[""Coordinator""]","{""Coordinator"": [""S03_M029""]}","{""Coordinator"": [2]}",True,True,0ce40eab98494d06d79f6c6e241356abc6d8898ee8b141d374603a881d8c8415,cc2a85a8b03e4be8425774ae9c11d497b39d37dae013811be321b3d6d5d045b3
synthetic_scale_09p_032m,synthetic_scaled_collaboration,experiments/synthetic_scale_09p_032m/collaboration.bpmn,experiments/synthetic_scale_09p_032m/global_log_4.txt,20290809,9,32,12,1,missing_message,delete message S03_M023,"[""S03_M023""]","[""Coordinator""]","[""Coordinator"", ""Partner_05""]","{""Coordinator"": [""S03_M023""], ""Partner_05"": [""S03_M023""]}","{""Coordinator"": [2], ""Partner_05"": [2]}",True,True,0ce40eab98494d06d79f6c6e241356abc6d8898ee8b141d374603a881d8c8415,6a602918da90989ec44898199351d5d5975ea53e08d3bfb96c50a125b49ac7a3
synthetic_scale_09p_032m,synthetic_scaled_collaboration,experiments/synthetic_scale_09p_032m/collaboration.bpmn,experiments/synthetic_scale_09p_032m/global_log_5.txt,20290809,9,32,12,1,missing_message,delete message S03_M020,"[""S03_M020""]","[""Coordinator""]","[""Coordinator"", ""Partner_02""]","{""Coordinator"": [""S03_M020""], ""Partner_02"": [""S03_M020""]}","{""Coordinator"": [2], ""Partner_02"": [2]}",True,True,0ce40eab98494d06d79f6c6e241356abc6d8898ee8b141d374603a881d8c8415,b02d70cc11fa65d8e74f2d108fb67a8f3e8863d4014869753af47d538704f229
synthetic_scale_09p_032m,synthetic_scaled_collaboration,experiments/synthetic_scale_09p_032m/collaboration.bpmn,experiments/synthetic_scale_09p_032m/global_log_6.txt,20290809,9,32,12,1,sequence_inversion,swap sequential messages S03_M005 and S03_M006,"[""S03_M005"", ""S03_M006""]","[""Coordinator""]","[""Coordinator""]","{""Coordinator"": ["".(S03_M005,S03_M006)""]}","{""Coordinator"": [5]}",True,True,0ce40eab98494d06d79f6c6e241356abc6d8898ee8b141d374603a881d8c8415,facedc9281e06a2c80d4193dffe99753e10f44b2a295e773dbff20aa170ad027
synthetic_scale_09p_032m,synthetic_scaled_collaboration,experiments/synthetic_scale_09p_032m/collaboration.bpmn,experiments/synthetic_scale_09p_032m/global_log_7.txt,20290809,9,32,12,1,sequence_inversion,swap sequential messages S03_M017 and S03_M018,"[""S03_M017"", ""S03_M018""]","[""Coordinator""]","[""Coordinator""]","{""Coordinator"": ["".(S03_M017,S03_M018)""]}","{""Coordinator"": [5]}",True,True,0ce40eab98494d06d79f6c6e241356abc6d8898ee8b141d374603a881d8c8415,f6066c899a0d4b68ed8a7c1a05a0684b01113744c58196ebcaaea4f0ea76069d
synthetic_scale_09p_032m,synthetic_scaled_collaboration,experiments/synthetic_scale_09p_032m/collaboration.bpmn,experiments/synthetic_scale_09p_032m/global_log_8.txt,20290809,9,32,12,1,sequence_inversion,swap sequential messages S03_M013 and S03_M014,"[""S03_M013"", ""S03_M014""]","[""Coordinator""]","[""Coordinator""]","{""Coordinator"": ["".(S03_M013,S03_M014)""]}","{""Coordinator"": [5]}",True,True,0ce40eab98494d06d79f6c6e241356abc6d8898ee8b141d374603a881d8c8415,19a0e67975690cabd7730cfd9349960b709c4ee19fcb788b25454f461e3c2c3d
synthetic_scale_09p_032m,synthetic_scaled_collaboration,experiments/synthetic_scale_09p_032m/collaboration.bpmn,experiments/synthetic_scale_09p_032m/global_log_9.txt,20290809,9,32,12,1,sequence_inversion,swap sequential messages S03_M005 and S03_M006,"[""S03_M005"", ""S03_M006""]","[""Coordinator""]","[""Coordinator""]","{""Coordinator"": ["".(S03_M005,S03_M006)""]}","{""Coordinator"": [5]}",True,True,0ce40eab98494d06d79f6c6e241356abc6d8898ee8b141d374603a881d8c8415,7ca9dc6b1c58d5e7ff2890337564521b9e0d06ccd6435ec86ca12e30dbfe65c0
synthetic_scale_09p_032m,synthetic_scaled_collaboration,experiments/synthetic_scale_09p_032m/collaboration.bpmn,experiments/synthetic_scale_09p_032m/global_log_10.txt,20290809,9,32,12,1,choice_conflict,execute mutually exclusive messages S03_M031 and S03_M032 together,"[""S03_M031"", ""S03_M032""]","[""Coordinator""]","[""Coordinator""]","{""Coordinator"": [""+(S03_M031,S03_M032)""]}","{""Coordinator"": [8]}",True,True,0ce40eab98494d06d79f6c6e241356abc6d8898ee8b141d374603a881d8c8415,68bc4f2eac09dfeeb35bb30de3a406c5b8d8f1afd9c222825dcaf97ed202cbfb
synthetic_scale_09p_032m,synthetic_scaled_collaboration,experiments/synthetic_scale_09p_032m/collaboration.bpmn,experiments/synthetic_scale_09p_032m/global_log_11.txt,20290809,9,32,12,1,choice_conflict,execute mutually exclusive messages S03_M032 and S03_M031 together,"[""S03_M032"", ""S03_M031""]","[""Coordinator""]","[""Coordinator""]","{""Coordinator"": [""+(S03_M031,S03_M032)""]}","{""Coordinator"": [8]}",True,True,0ce40eab98494d06d79f6c6e241356abc6d8898ee8b141d374603a881d8c8415,b9737289530b7652f062c091f44c41f5abee78b4ce2bf3c9ece553301f542e42
synthetic_scale_09p_032m,synthetic_scaled_collaboration,experiments/synthetic_scale_09p_032m/collaboration.bpmn,experiments/synthetic_scale_09p_032m/global_log_12.txt,20290809,9,32,12,1,choice_conflict,execute mutually exclusive messages S03_M031 and S03_M032 together,"[""S03_M031"", ""S03_M032""]","[""Coordinator""]","[""Coordinator""]","{""Coordinator"": [""+(S03_M031,S03_M032)""]}","{""Coordinator"": [8]}",True,True,0ce40eab98494d06d79f6c6e241356abc6d8898ee8b141d374603a881d8c8415,9c9538abd5dc98bd024fa425f6d5cf6f196fa36fbdf0e958b5ba1485b414706b
synthetic_scale_09p_032m,synthetic_scaled_collaboration,experiments/synthetic_scale_09p_032m/collaboration.bpmn,experiments/synthetic_scale_09p_032m/global_log_13.txt,20290809,9,32,12,1,choice_conflict,execute mutually exclusive messages S03_M031 and S03_M032 together,"[""S03_M031"", ""S03_M032""]","[""Coordinator""]","[""Coordinator""]","{""Coordinator"": [""+(S03_M031,S03_M032)""]}","{""Coordinator"": [8]}",True,True,0ce40eab98494d06d79f6c6e241356abc6d8898ee8b141d374603a881d8c8415,1fd18bcf53e691c3a577cdb46d1fc96653b6c965e8669e604d3a000be39e6439
synthetic_scale_09p_032m,synthetic_scaled_collaboration,experiments/synthetic_scale_09p_032m/collaboration.bpmn,experiments/synthetic_scale_09p_032m/global_log_14.txt,20290809,9,32,12,1,choice_conflict,execute mutually exclusive messages S03_M032 and S03_M031 together,"[""S03_M032"", ""S03_M031""]","[""Coordinator""]","[""Coordinator""]","{""Coordinator"": [""+(S03_M031,S03_M032)""]}","{""Coordinator"": [8]}",True,True,0ce40eab98494d06d79f6c6e241356abc6d8898ee8b141d374603a881d8c8415,c6bffa88b1aaefd9f717fd0ac580889df6f894f76db3e0a639ee0f758346a429
synthetic_scale_12p_048m,synthetic_scaled_collaboration,experiments/synthetic_scale_12p_048m/collaboration.bpmn,experiments/synthetic_scale_12p_048m/global_log_0.txt,20300809,12,48,12,1,missing_message,delete message S04_M020,"[""S04_M020""]","[""Coordinator""]","[""Coordinator"", ""Partner_02""]","{""Coordinator"": [""S04_M020""], ""Partner_02"": [""S04_M020""]}","{""Coordinator"": [2], ""Partner_02"": [2]}",True,True,81ddf9f9e59c65ba418da4496304fbdef9d2f3ce8046cf8b891cb3e124250bad,339cdb767c707dc179d1e4798457478666d47e0e7b12834a93f02d3444cd0919
synthetic_scale_12p_048m,synthetic_scaled_collaboration,experiments/synthetic_scale_12p_048m/collaboration.bpmn,experiments/synthetic_scale_12p_048m/global_log_1.txt,20300809,12,48,12,1,missing_message,delete message S04_M039,"[""S04_M039""]","[""Coordinator""]","[""Coordinator""]","{""Coordinator"": [""S04_M039""]}","{""Coordinator"": [2]}",True,True,81ddf9f9e59c65ba418da4496304fbdef9d2f3ce8046cf8b891cb3e124250bad,b807a3d3b9d1e6f6615f03a4f93d500fd7f4ff91cca4c13c0322949167984093
synthetic_scale_12p_048m,synthetic_scaled_collaboration,experiments/synthetic_scale_12p_048m/collaboration.bpmn,experiments/synthetic_scale_12p_048m/global_log_2.txt,20300809,12,48,12,1,missing_message,delete message S04_M021,"[""S04_M021""]","[""Coordinator""]","[""Coordinator"", ""Partner_03""]","{""Coordinator"": [""S04_M021""], ""Partner_03"": [""S04_M021""]}","{""Coordinator"": [2], ""Partner_03"": [2]}",True,True,81ddf9f9e59c65ba418da4496304fbdef9d2f3ce8046cf8b891cb3e124250bad,0145c3170ddf33aaf076a139c04db16cc2a4fbdc2aae187dbd8898346c081e74
synthetic_scale_12p_048m,synthetic_scaled_collaboration,experiments/synthetic_scale_12p_048m/collaboration.bpmn,experiments/synthetic_scale_12p_048m/global_log_3.txt,20300809,12,48,12,1,missing_message,delete message S04_M030,"[""S04_M030""]","[""Coordinator""]","[""Coordinator"", ""Partner_03""]","{""Coordinator"": [""S04_M030""], ""Partner_03"": [""S04_M030""]}","{""Coordinator"": [2], ""Partner_03"": [2]}",True,True,81ddf9f9e59c65ba418da4496304fbdef9d2f3ce8046cf8b891cb3e124250bad,b24d516992c01448b077cc44ae03b78c69f85dba9c4d3e4b9e65a0580c698651
synthetic_scale_12p_048m,synthetic_scaled_collaboration,experiments/synthetic_scale_12p_048m/collaboration.bpmn,experiments/synthetic_scale_12p_048m/global_log_4.txt,20300809,12,48,12,1,missing_message,delete message S04_M020,"[""S04_M020""]","[""Coordinator""]","[""Coordinator"", ""Partner_02""]","{""Coordinator"": [""S04_M020""], ""Partner_02"": [""S04_M020""]}","{""Coordinator"": [2], ""Partner_02"": [2]}",True,True,81ddf9f9e59c65ba418da4496304fbdef9d2f3ce8046cf8b891cb3e124250bad,222e70ffc8de8d7d023a55c9fec3642f3c5455ebfb4c0abdfa884b888ca511a4
synthetic_scale_12p_048m,synthetic_scaled_collaboration,experiments/synthetic_scale_12p_048m/collaboration.bpmn,experiments/synthetic_scale_12p_048m/global_log_5.txt,20300809,12,48,12,1,sequence_inversion,swap sequential messages S04_M025 and S04_M026,"[""S04_M025"", ""S04_M026""]","[""Coordinator""]","[""Coordinator""]","{""Coordinator"": ["".(S04_M025,S04_M026)""]}","{""Coordinator"": [5]}",True,True,81ddf9f9e59c65ba418da4496304fbdef9d2f3ce8046cf8b891cb3e124250bad,35524a451f115c76a2143bfe9ebee1c3ac47eef31b4650728446fe8510bda9ee
synthetic_scale_12p_048m,synthetic_scaled_collaboration,experiments/synthetic_scale_12p_048m/collaboration.bpmn,experiments/synthetic_scale_12p_048m/global_log_6.txt,20300809,12,48,12,1,sequence_inversion,swap sequential messages S04_M025 and S04_M026,"[""S04_M025"", ""S04_M026""]","[""Coordinator""]","[""Coordinator""]","{""Coordinator"": ["".(S04_M025,S04_M026)""]}","{""Coordinator"": [5]}",True,True,81ddf9f9e59c65ba418da4496304fbdef9d2f3ce8046cf8b891cb3e124250bad,32d1872587292ab13b3bedb80b42a0aca6b47229d3d09d063be57b079447b4c4
synthetic_scale_12p_048m,synthetic_scaled_collaboration,experiments/synthetic_scale_12p_048m/collaboration.bpmn,experiments/synthetic_scale_12p_048m/global_log_7.txt,20300809,12,48,12,1,sequence_inversion,swap sequential messages S04_M005 and S04_M006,"[""S04_M005"", ""S04_M006""]","[""Coordinator""]","[""Coordinator""]","{""Coordinator"": ["".(S04_M005,S04_M006)""]}","{""Coordinator"": [5]}",True,True,81ddf9f9e59c65ba418da4496304fbdef9d2f3ce8046cf8b891cb3e124250bad,a38872e2038ff62fc36050cb045382a4616a8dbf2ca0ce2491ade30c46b430a7
synthetic_scale_12p_048m,synthetic_scaled_collaboration,experiments/synthetic_scale_12p_048m/collaboration.bpmn,experiments/synthetic_scale_12p_048m/global_log_8.txt,20300809,12,48,12,1,sequence_inversion,swap sequential messages S04_M045 and S04_M046,"[""S04_M045"", ""S04_M046""]","[""Coordinator""]","[""Coordinator""]","{""Coordinator"": ["".(S04_M045,S04_M046)""]}","{""Coordinator"": [5]}",True,True,81ddf9f9e59c65ba418da4496304fbdef9d2f3ce8046cf8b891cb3e124250bad,59f7137514bdc5f4f8f2ac32efef3c4753b96f528b8b8d04894ced441d4c43f5
synthetic_scale_12p_048m,synthetic_scaled_collaboration,experiments/synthetic_scale_12p_048m/collaboration.bpmn,experiments/synthetic_scale_12p_048m/global_log_9.txt,20300809,12,48,12,1,sequence_inversion,swap sequential messages S04_M037 and S04_M038,"[""S04_M037"", ""S04_M038""]","[""Coordinator""]","[""Coordinator""]","{""Coordinator"": ["".(S04_M037,S04_M038)""]}","{""Coordinator"": [5]}",True,True,81ddf9f9e59c65ba418da4496304fbdef9d2f3ce8046cf8b891cb3e124250bad,b1ef337e562f1892a6cb50c09c2817ef6ce34b9d844a578ab0383f7997358365
synthetic_scale_12p_048m,synthetic_scaled_collaboration,experiments/synthetic_scale_12p_048m/collaboration.bpmn,experiments/synthetic_scale_12p_048m/global_log_10.txt,20300809,12,48,12,1,choice_conflict,execute mutually exclusive messages S04_M048 and S04_M047 together,"[""S04_M048"", ""S04_M047""]","[""Coordinator""]","[""Coordinator""]","{""Coordinator"": [""+(S04_M047,S04_M048)""]}","{""Coordinator"": [8]}",True,True,81ddf9f9e59c65ba418da4496304fbdef9d2f3ce8046cf8b891cb3e124250bad,77e9d0b139770736de2e5575107167a52ffe66db7c3d657bce422951a59492c8
synthetic_scale_12p_048m,synthetic_scaled_collaboration,experiments/synthetic_scale_12p_048m/collaboration.bpmn,experiments/synthetic_scale_12p_048m/global_log_11.txt,20300809,12,48,12,1,choice_conflict,execute mutually exclusive messages S04_M047 and S04_M048 together,"[""S04_M047"", ""S04_M048""]","[""Coordinator""]","[""Coordinator""]","{""Coordinator"": [""+(S04_M047,S04_M048)""]}","{""Coordinator"": [8]}",True,True,81ddf9f9e59c65ba418da4496304fbdef9d2f3ce8046cf8b891cb3e124250bad,f3462af38877d6933f225a7a70105c3a03dc9b6ccca75760c8f96aa8536431e3
synthetic_scale_12p_048m,synthetic_scaled_collaboration,experiments/synthetic_scale_12p_048m/collaboration.bpmn,experiments/synthetic_scale_12p_048m/global_log_12.txt,20300809,12,48,12,1,choice_conflict,execute mutually exclusive messages S04_M047 and S04_M048 together,"[""S04_M047"", ""S04_M048""]","[""Coordinator""]","[""Coordinator""]","{""Coordinator"": [""+(S04_M047,S04_M048)""]}","{""Coordinator"": [8]}",True,True,81ddf9f9e59c65ba418da4496304fbdef9d2f3ce8046cf8b891cb3e124250bad,43eb3a012c09a24d1147b254f2611960eddc136b1198b160f8bd7d2c86d9d272
synthetic_scale_12p_048m,synthetic_scaled_collaboration,experiments/synthetic_scale_12p_048m/collaboration.bpmn,experiments/synthetic_scale_12p_048m/global_log_13.txt,20300809,12,48,12,1,choice_conflict,execute mutually exclusive messages S04_M047 and S04_M048 together,"[""S04_M047"", ""S04_M048""]","[""Coordinator""]","[""Coordinator""]","{""Coordinator"": [""+(S04_M047,S04_M048)""]}","{""Coordinator"": [8]}",True,True,81ddf9f9e59c65ba418da4496304fbdef9d2f3ce8046cf8b891cb3e124250bad,299c2b5f6b1034b450e736d321085c9695d7370161a7f1a9c06fe06456450e3c
synthetic_scale_12p_048m,synthetic_scaled_collaboration,experiments/synthetic_scale_12p_048m/collaboration.bpmn,experiments/synthetic_scale_12p_048m/global_log_14.txt,20300809,12,48,12,1,choice_conflict,execute mutually exclusive messages S04_M047 and S04_M048 together,"[""S04_M047"", ""S04_M048""]","[""Coordinator""]","[""Coordinator""]","{""Coordinator"": [""+(S04_M047,S04_M048)""]}","{""Coordinator"": [8]}",True,True,81ddf9f9e59c65ba418da4496304fbdef9d2f3ce8046cf8b891cb3e124250bad,25908d86c65653314c1649b6426bbc7a4d10bd85230d8f658f458c5c5151059d
synthetic_scale_16p_072m,synthetic_scaled_collaboration,experiments/synthetic_scale_16p_072m/collaboration.bpmn,experiments/synthetic_scale_16p_072m/global_log_0.txt,20310809,16,72,12,1,missing_message,delete message S05_M045,"[""S05_M045""]","[""Coordinator""]","[""Coordinator"", ""Partner_06""]","{""Coordinator"": [""S05_M045""], ""Partner_06"": [""S05_M045""]}","{""Coordinator"": [2], ""Partner_06"": [2]}",True,True,34a531169776fec990f72eb03f308e0e81aafeecfcbd1dbff71f76f2a124bc93,3f971d736a85f5d4d734ef11a5210b844aaac5fded2fccc965e365aab7e21d67
synthetic_scale_16p_072m,synthetic_scaled_collaboration,experiments/synthetic_scale_16p_072m/collaboration.bpmn,experiments/synthetic_scale_16p_072m/global_log_1.txt,20310809,16,72,12,1,missing_message,delete message S05_M054,"[""S05_M054""]","[""Coordinator""]","[""Coordinator"", ""Partner_02""]","{""Coordinator"": [""S05_M054""], ""Partner_02"": [""S05_M054""]}","{""Coordinator"": [2], ""Partner_02"": [2]}",True,True,34a531169776fec990f72eb03f308e0e81aafeecfcbd1dbff71f76f2a124bc93,d3b65c366b5996e3ba59b1bfca7616c77d448c8637a826e2725f11941d47005e
synthetic_scale_16p_072m,synthetic_scaled_collaboration,experiments/synthetic_scale_16p_072m/collaboration.bpmn,experiments/synthetic_scale_16p_072m/global_log_2.txt,20310809,16,72,12,1,sequence_inversion,swap sequential messages S05_M033 and S05_M034,"[""S05_M033"", ""S05_M034""]","[""Coordinator""]","[""Coordinator""]","{""Coordinator"": ["".(S05_M033,S05_M034)""]}","{""Coordinator"": [5]}",True,True,34a531169776fec990f72eb03f308e0e81aafeecfcbd1dbff71f76f2a124bc93,c2002f4499d40730d7127be352674c2c780d6211d2723d7f51df04879133708a
synthetic_scale_16p_072m,synthetic_scaled_collaboration,experiments/synthetic_scale_16p_072m/collaboration.bpmn,experiments/synthetic_scale_16p_072m/global_log_3.txt,20310809,16,72,12,1,missing_message,delete message S05_M006,"[""S05_M006""]","[""Coordinator""]","[""Coordinator"", ""Partner_06""]","{""Coordinator"": [""S05_M006""], ""Partner_06"": [""S05_M006""]}","{""Coordinator"": [2], ""Partner_06"": [2]}",True,True,34a531169776fec990f72eb03f308e0e81aafeecfcbd1dbff71f76f2a124bc93,8af3aa0dce2dd1627b29021f1d1a5320d54a1fe4167510a0310230de83fbe48e
synthetic_scale_16p_072m,synthetic_scaled_collaboration,experiments/synthetic_scale_16p_072m/collaboration.bpmn,experiments/synthetic_scale_16p_072m/global_log_4.txt,20310809,16,72,12,1,missing_message,delete message S05_M066,"[""S05_M066""]","[""Coordinator""]","[""Coordinator""]","{""Coordinator"": [""S05_M066""]}","{""Coordinator"": [2]}",True,True,34a531169776fec990f72eb03f308e0e81aafeecfcbd1dbff71f76f2a124bc93,3bc306b129550d747fd356320186b2c8600a024dcd94ed6cce76152731b9d661
synthetic_scale_16p_072m,synthetic_scaled_collaboration,experiments/synthetic_scale_16p_072m/collaboration.bpmn,experiments/synthetic_scale_16p_072m/global_log_5.txt,20310809,16,72,12,1,missing_message,delete message S05_M063,"[""S05_M063""]","[""Coordinator""]","[""Coordinator""]","{""Coordinator"": [""S05_M063""]}","{""Coordinator"": [2]}",True,True,34a531169776fec990f72eb03f308e0e81aafeecfcbd1dbff71f76f2a124bc93,2161757ffe7bf75dc2f15a13b3111aba4c07d78164f880cd4dae1e8184c32af7
synthetic_scale_16p_072m,synthetic_scaled_collaboration,experiments/synthetic_scale_16p_072m/collaboration.bpmn,experiments/synthetic_scale_16p_072m/global_log_6.txt,20310809,16,72,12,1,sequence_inversion,swap sequential messages S05_M049 and S05_M050,"[""S05_M049"", ""S05_M050""]","[""Coordinator""]","[""Coordinator""]","{""Coordinator"": ["".(S05_M049,S05_M050)""]}","{""Coordinator"": [5]}",True,True,34a531169776fec990f72eb03f308e0e81aafeecfcbd1dbff71f76f2a124bc93,eda4fc49431c4903a779abef315969e8a678c160aae98bbf6b08488c148b8780
synthetic_scale_16p_072m,synthetic_scaled_collaboration,experiments/synthetic_scale_16p_072m/collaboration.bpmn,experiments/synthetic_scale_16p_072m/global_log_7.txt,20310809,16,72,12,1,sequence_inversion,swap sequential messages S05_M001 and S05_M002,"[""S05_M001"", ""S05_M002""]","[""Coordinator""]","[""Coordinator""]","{""Coordinator"": ["".(S05_M001,S05_M002)""]}","{""Coordinator"": [5]}",True,True,34a531169776fec990f72eb03f308e0e81aafeecfcbd1dbff71f76f2a124bc93,6df81331f4f704f6fb458c788bffae366ba898342ac3352a4bef45f674adc91e
synthetic_scale_16p_072m,synthetic_scaled_collaboration,experiments/synthetic_scale_16p_072m/collaboration.bpmn,experiments/synthetic_scale_16p_072m/global_log_8.txt,20310809,16,72,12,1,sequence_inversion,swap sequential messages S05_M061 and S05_M062,"[""S05_M061"", ""S05_M062""]","[""Coordinator""]","[""Coordinator""]","{""Coordinator"": ["".(S05_M061,S05_M062)""]}","{""Coordinator"": [5]}",True,True,34a531169776fec990f72eb03f308e0e81aafeecfcbd1dbff71f76f2a124bc93,ac9442081a36b9e5ad5a05780e159bc3567f10a621955a9ce4cda6359ffb973f
synthetic_scale_16p_072m,synthetic_scaled_collaboration,experiments/synthetic_scale_16p_072m/collaboration.bpmn,experiments/synthetic_scale_16p_072m/global_log_9.txt,20310809,16,72,12,1,sequence_inversion,swap sequential messages S05_M029 and S05_M030,"[""S05_M029"", ""S05_M030""]","[""Coordinator""]","[""Coordinator""]","{""Coordinator"": ["".(S05_M029,S05_M030)""]}","{""Coordinator"": [5]}",True,True,34a531169776fec990f72eb03f308e0e81aafeecfcbd1dbff71f76f2a124bc93,6a3a8dbb111a0a74dca1b0fa1241041482395ea323ba562456aff46139634ca2
synthetic_scale_16p_072m,synthetic_scaled_collaboration,experiments/synthetic_scale_16p_072m/collaboration.bpmn,experiments/synthetic_scale_16p_072m/global_log_10.txt,20310809,16,72,12,1,choice_conflict,execute mutually exclusive messages S05_M071 and S05_M072 together,"[""S05_M071"", ""S05_M072""]","[""Coordinator""]","[""Coordinator""]","{""Coordinator"": [""+(S05_M072,S05_M071)""]}","{""Coordinator"": [8]}",True,True,34a531169776fec990f72eb03f308e0e81aafeecfcbd1dbff71f76f2a124bc93,2fdb1a3d7e00bf39133e0af41d8ef1d4df47b48997bdaffb2c5983094dbfd4bc
synthetic_scale_16p_072m,synthetic_scaled_collaboration,experiments/synthetic_scale_16p_072m/collaboration.bpmn,experiments/synthetic_scale_16p_072m/global_log_11.txt,20310809,16,72,12,1,choice_conflict,execute mutually exclusive messages S05_M071 and S05_M072 together,"[""S05_M071"", ""S05_M072""]","[""Coordinator""]","[""Coordinator""]","{""Coordinator"": [""+(S05_M072,S05_M071)""]}","{""Coordinator"": [8]}",True,True,34a531169776fec990f72eb03f308e0e81aafeecfcbd1dbff71f76f2a124bc93,acfe01e90bc2ba0b08f4e15f024ead70cefcf289a34f3ac842e3661f8a9e8463
synthetic_scale_16p_072m,synthetic_scaled_collaboration,experiments/synthetic_scale_16p_072m/collaboration.bpmn,experiments/synthetic_scale_16p_072m/global_log_12.txt,20310809,16,72,12,1,choice_conflict,execute mutually exclusive messages S05_M072 and S05_M071 together,"[""S05_M072"", ""S05_M071""]","[""Coordinator""]","[""Coordinator""]","{""Coordinator"": [""+(S05_M072,S05_M071)""]}","{""Coordinator"": [8]}",True,True,34a531169776fec990f72eb03f308e0e81aafeecfcbd1dbff71f76f2a124bc93,5e9f8ce2430ad10d357f8a4b097e9415e214c3a0d91850d249c680f0622c6181
synthetic_scale_16p_072m,synthetic_scaled_collaboration,experiments/synthetic_scale_16p_072m/collaboration.bpmn,experiments/synthetic_scale_16p_072m/global_log_13.txt,20310809,16,72,12,1,choice_conflict,execute mutually exclusive messages S05_M071 and S05_M072 together,"[""S05_M071"", ""S05_M072""]","[""Coordinator""]","[""Coordinator""]","{""Coordinator"": [""+(S05_M072,S05_M071)""]}","{""Coordinator"": [8]}",True,True,34a531169776fec990f72eb03f308e0e81aafeecfcbd1dbff71f76f2a124bc93,f12ff45c69040fa7d14b4678595b49e89dbd6e038b2251ad9d72d22ca04d632c
synthetic_scale_16p_072m,synthetic_scaled_collaboration,experiments/synthetic_scale_16p_072m/collaboration.bpmn,experiments/synthetic_scale_16p_072m/global_log_14.txt,20310809,16,72,12,1,choice_conflict,execute mutually exclusive messages S05_M071 and S05_M072 together,"[""S05_M071"", ""S05_M072""]","[""Coordinator""]","[""Coordinator""]","{""Coordinator"": [""+(S05_M072,S05_M071)""]}","{""Coordinator"": [8]}",True,True,34a531169776fec990f72eb03f308e0e81aafeecfcbd1dbff71f76f2a124bc93,7bc46d297e2e3deb1d3f25b84f13c4c301a4d9b28a787b1ca24b8c09afc2a9f3
synthetic_scale_20p_096m,synthetic_scaled_collaboration,experiments/synthetic_scale_20p_096m/collaboration.bpmn,experiments/synthetic_scale_20p_096m/global_log_0.txt,20320809,20,96,12,1,missing_message,delete message S06_M067,"[""S06_M067""]","[""Coordinator""]","[""Coordinator"", ""Partner_16""]","{""Coordinator"": [""S06_M067""], ""Partner_16"": [""S06_M067""]}","{""Coordinator"": [2], ""Partner_16"": [2]}",True,True,75acd17ee34fda1b712094f9080e70619fcaa14c6d52792f75c5ee31d6fcbdf0,e8de35e75389ccdf936098e380f8d7b80f0657c3415a808fedf6cd3c605da5ed
synthetic_scale_20p_096m,synthetic_scaled_collaboration,experiments/synthetic_scale_20p_096m/collaboration.bpmn,experiments/synthetic_scale_20p_096m/global_log_1.txt,20320809,20,96,12,1,missing_message,delete message S06_M078,"[""S06_M078""]","[""Coordinator""]","[""Coordinator""]","{""Coordinator"": [""S06_M078""]}","{""Coordinator"": [2]}",True,True,75acd17ee34fda1b712094f9080e70619fcaa14c6d52792f75c5ee31d6fcbdf0,84e40bdccf8e8176dc7d8eda369b08e2f808a30f8608a6cfecc1f4058a5a03d1
synthetic_scale_20p_096m,synthetic_scaled_collaboration,experiments/synthetic_scale_20p_096m/collaboration.bpmn,experiments/synthetic_scale_20p_096m/global_log_2.txt,20320809,20,96,12,1,sequence_inversion,swap sequential messages S06_M065 and S06_M066,"[""S06_M065"", ""S06_M066""]","[""Coordinator""]","[""Coordinator""]","{""Coordinator"": ["".(S06_M065,S06_M066)""]}","{""Coordinator"": [5]}",True,True,75acd17ee34fda1b712094f9080e70619fcaa14c6d52792f75c5ee31d6fcbdf0,7afc9fe8ed6bc21517bb8a30a730332d5f286ae4d17acab6eafdb58000665cca
synthetic_scale_20p_096m,synthetic_scaled_collaboration,experiments/synthetic_scale_20p_096m/collaboration.bpmn,experiments/synthetic_scale_20p_096m/global_log_3.txt,20320809,20,96,12,1,missing_message,delete message S06_M054,"[""S06_M054""]","[""Coordinator""]","[""Coordinator"", ""Partner_03""]","{""Coordinator"": [""S06_M054""], ""Partner_03"": [""S06_M054""]}","{""Coordinator"": [2], ""Partner_03"": [2]}",True,True,75acd17ee34fda1b712094f9080e70619fcaa14c6d52792f75c5ee31d6fcbdf0,66c364aa05c1c8dfef3958e5de0e03bba135abdde2208c42c0026e6352d07668
synthetic_scale_20p_096m,synthetic_scaled_collaboration,experiments/synthetic_scale_20p_096m/collaboration.bpmn,experiments/synthetic_scale_20p_096m/global_log_4.txt,20320809,20,96,12,1,missing_message,delete message S06_M082,"[""S06_M082""]","[""Coordinator""]","[""Coordinator""]","{""Coordinator"": [""S06_M082""]}","{""Coordinator"": [2]}",True,True,75acd17ee34fda1b712094f9080e70619fcaa14c6d52792f75c5ee31d6fcbdf0,ece62d0b783408f3cd1b6d05dc90372344f875b66830880b6c09cd872c4df22a
synthetic_scale_20p_096m,synthetic_scaled_collaboration,experiments/synthetic_scale_20p_096m/collaboration.bpmn,experiments/synthetic_scale_20p_096m/global_log_5.txt,20320809,20,96,12,1,missing_message,delete message S06_M016,"[""S06_M016""]","[""Coordinator""]","[""Coordinator"", ""Partner_16""]","{""Coordinator"": [""S06_M016""], ""Partner_16"": [""S06_M016""]}","{""Coordinator"": [2], ""Partner_16"": [2]}",True,True,75acd17ee34fda1b712094f9080e70619fcaa14c6d52792f75c5ee31d6fcbdf0,277f362532441c57480ba872e6ce5ade0d953c47c6b372c677b40b265439aea3
synthetic_scale_20p_096m,synthetic_scaled_collaboration,experiments/synthetic_scale_20p_096m/collaboration.bpmn,experiments/synthetic_scale_20p_096m/global_log_6.txt,20320809,20,96,12,1,sequence_inversion,swap sequential messages S06_M005 and S06_M006,"[""S06_M005"", ""S06_M006""]","[""Coordinator""]","[""Coordinator""]","{""Coordinator"": ["".(S06_M005,S06_M006)""]}","{""Coordinator"": [5]}",True,True,75acd17ee34fda1b712094f9080e70619fcaa14c6d52792f75c5ee31d6fcbdf0,d1420fb3498108cb8b35c83c6d2706ae67e35f1f697713a3a4d42323d4287ac0
synthetic_scale_20p_096m,synthetic_scaled_collaboration,experiments/synthetic_scale_20p_096m/collaboration.bpmn,experiments/synthetic_scale_20p_096m/global_log_7.txt,20320809,20,96,12,1,sequence_inversion,swap sequential messages S06_M021 and S06_M022,"[""S06_M021"", ""S06_M022""]","[""Coordinator""]","[""Coordinator""]","{""Coordinator"": ["".(S06_M021,S06_M022)""]}","{""Coordinator"": [5]}",True,True,75acd17ee34fda1b712094f9080e70619fcaa14c6d52792f75c5ee31d6fcbdf0,18300cc84a371d7f595fb9d86138f914e4643a324218584a93ac2b395c22a735
synthetic_scale_20p_096m,synthetic_scaled_collaboration,experiments/synthetic_scale_20p_096m/collaboration.bpmn,experiments/synthetic_scale_20p_096m/global_log_8.txt,20320809,20,96,12,1,sequence_inversion,swap sequential messages S06_M073 and S06_M074,"[""S06_M073"", ""S06_M074""]","[""Coordinator""]","[""Coordinator""]","{""Coordinator"": ["".(S06_M073,S06_M074)""]}","{""Coordinator"": [5]}",True,True,75acd17ee34fda1b712094f9080e70619fcaa14c6d52792f75c5ee31d6fcbdf0,b2a49bdcd57aeddbf4748ee09a94699358afd7030a0956bd558cb4ac90fec4e2
synthetic_scale_20p_096m,synthetic_scaled_collaboration,experiments/synthetic_scale_20p_096m/collaboration.bpmn,experiments/synthetic_scale_20p_096m/global_log_9.txt,20320809,20,96,12,1,sequence_inversion,swap sequential messages S06_M013 and S06_M014,"[""S06_M013"", ""S06_M014""]","[""Coordinator""]","[""Coordinator""]","{""Coordinator"": ["".(S06_M013,S06_M014)""]}","{""Coordinator"": [5]}",True,True,75acd17ee34fda1b712094f9080e70619fcaa14c6d52792f75c5ee31d6fcbdf0,d98b8998968da8f2305e74616a7df6e57b71e3a337dd3eedc60119f20ff8a6c1
synthetic_scale_20p_096m,synthetic_scaled_collaboration,experiments/synthetic_scale_20p_096m/collaboration.bpmn,experiments/synthetic_scale_20p_096m/global_log_10.txt,20320809,20,96,12,1,choice_conflict,execute mutually exclusive messages S06_M096 and S06_M095 together,"[""S06_M096"", ""S06_M095""]","[""Coordinator""]","[""Coordinator""]","{""Coordinator"": [""+(S06_M096,S06_M095)""]}","{""Coordinator"": [8]}",True,True,75acd17ee34fda1b712094f9080e70619fcaa14c6d52792f75c5ee31d6fcbdf0,7493eb94e8b33328b10aeca97933e0665d29555bd40ec46cf8cb482108d89ebe
synthetic_scale_20p_096m,synthetic_scaled_collaboration,experiments/synthetic_scale_20p_096m/collaboration.bpmn,experiments/synthetic_scale_20p_096m/global_log_11.txt,20320809,20,96,12,1,choice_conflict,execute mutually exclusive messages S06_M096 and S06_M095 together,"[""S06_M096"", ""S06_M095""]","[""Coordinator""]","[""Coordinator""]","{""Coordinator"": [""+(S06_M096,S06_M095)""]}","{""Coordinator"": [8]}",True,True,75acd17ee34fda1b712094f9080e70619fcaa14c6d52792f75c5ee31d6fcbdf0,7b52f6808cc92c11cd9071e9bdc99d6858d1004d0d1fe54f317bff7756189002
synthetic_scale_20p_096m,synthetic_scaled_collaboration,experiments/synthetic_scale_20p_096m/collaboration.bpmn,experiments/synthetic_scale_20p_096m/global_log_12.txt,20320809,20,96,12,1,choice_conflict,execute mutually exclusive messages S06_M095 and S06_M096 together,"[""S06_M095"", ""S06_M096""]","[""Coordinator""]","[""Coordinator""]","{""Coordinator"": [""+(S06_M096,S06_M095)""]}","{""Coordinator"": [8]}",True,True,75acd17ee34fda1b712094f9080e70619fcaa14c6d52792f75c5ee31d6fcbdf0,0c72e8455ca422c62ae26decc31260aefcc124963191f9864dc1ff63b2e05948
synthetic_scale_20p_096m,synthetic_scaled_collaboration,experiments/synthetic_scale_20p_096m/collaboration.bpmn,experiments/synthetic_scale_20p_096m/global_log_13.txt,20320809,20,96,12,1,choice_conflict,execute mutually exclusive messages S06_M095 and S06_M096 together,"[""S06_M095"", ""S06_M096""]","[""Coordinator""]","[""Coordinator""]","{""Coordinator"": [""+(S06_M096,S06_M095)""]}","{""Coordinator"": [8]}",True,True,75acd17ee34fda1b712094f9080e70619fcaa14c6d52792f75c5ee31d6fcbdf0,be7582a89c2715aa08e51f6dbfd48e7146dd8e1a3812425dc80b3c9a43be0623
synthetic_scale_20p_096m,synthetic_scaled_collaboration,experiments/synthetic_scale_20p_096m/collaboration.bpmn,experiments/synthetic_scale_20p_096m/global_log_14.txt,20320809,20,96,12,1,choice_conflict,execute mutually exclusive messages S06_M095 and S06_M096 together,"[""S06_M095"", ""S06_M096""]","[""Coordinator""]","[""Coordinator""]","{""Coordinator"": [""+(S06_M096,S06_M095)""]}","{""Coordinator"": [8]}",True,True,75acd17ee34fda1b712094f9080e70619fcaa14c6d52792f75c5ee31d6fcbdf0,de55e7802a9c66f1cc765376417da702fccea8de21c8e6f054569977cd5bec8f
qingdao_port,existing_bpmn_mutation,experiments/qingdao_port/collaboration.bpmn,experiments/qingdao_port/global_log_100.txt,20770809,9,25,7,1,adjacent_swap,swap tokens ShipArrival2 and CrewList at positions 16-17,"[""ShipArrival2"", ""CrewList""]",[],"[""Shipping_Agency""]","{""Shipping_Agency"": ["".(ShipArrival2,CrewList)""]}","{""Shipping_Agency"": [5]}",True,True,9c00eb67ed5e71f9c9a2213c5c05102d44e29f6182c2355fd5d6d1625327282b,037f3d99c145554a522b05b7707db5fc01637094ae1ecf610bbdd766469d3a8d
qingdao_port,existing_bpmn_mutation,experiments/qingdao_port/collaboration.bpmn,experiments/qingdao_port/global_log_101.txt,20770809,9,25,7,1,receiver_only_observation,replace ShipArrival2 with ShipArrival2_r at position 16,"[""ShipArrival2""]",[],"[""Shipping_Agency""]","{""Shipping_Agency"": [""ShipArrival2""]}","{""Shipping_Agency"": [2]}",True,True,9c00eb67ed5e71f9c9a2213c5c05102d44e29f6182c2355fd5d6d1625327282b,455200436e10f2ac12eeefb0ff7a86f4c7143cbe331158928513080d894c9380
qingdao_port,existing_bpmn_mutation,experiments/qingdao_port/collaboration.bpmn,experiments/qingdao_port/global_log_102.txt,20770809,9,25,7,1,receiver_only_observation,replace CTNArrival with CTNArrival_r at position 12,"[""CTNArrival""]",[],"[""Depot""]","{""Depot"": [""CTNArrival""]}","{""Depot"": [2]}",True,True,9c00eb67ed5e71f9c9a2213c5c05102d44e29f6182c2355fd5d6d1625327282b,958f272a04f5069fffde76fc358e43602a2e0d8585f13c09fd09b3def4d85ffa
qingdao_port,existing_bpmn_mutation,experiments/qingdao_port/collaboration.bpmn,experiments/qingdao_port/global_log_103.txt,20770809,9,25,7,1,missing_message,delete token Clearance2 at position 23,"[""Clearance2""]",[],"[""Customs"", ""Container_Terminal""]","{""Container_Terminal"": [""Clearance2""], ""Customs"": [""Clearance2""]}","{""Container_Terminal"": [2], ""Customs"": [2]}",True,True,9c00eb67ed5e71f9c9a2213c5c05102d44e29f6182c2355fd5d6d1625327282b,723b7331f47021f94007242a39a2f01f5e0f1c818c1f763bb91113b1f578a05d
qingdao_port,existing_bpmn_mutation,experiments/qingdao_port/collaboration.bpmn,experiments/qingdao_port/global_log_104.txt,20770809,9,25,7,1,missing_message,delete token OutboundCTN3 at position 15,"[""OutboundCTN3""]",[],"[""Container_Terminal"", ""Depot""]","{""Container_Terminal"": [""OutboundCTN3""], ""Depot"": [""OutboundCTN3""]}","{""Container_Terminal"": [2], ""Depot"": [2]}",True,True,9c00eb67ed5e71f9c9a2213c5c05102d44e29f6182c2355fd5d6d1625327282b,c2d883c39caf791fc2ce88181217716d02472bf88467a60613e0575450cf40c2
qingdao_port,existing_bpmn_mutation,experiments/qingdao_port/collaboration.bpmn,experiments/qingdao_port/global_log_105.txt,20770809,9,25,7,1,missing_message,delete token ER1 at position 7,"[""ER1""]",[],"[""Freight_Forwarder"", ""Shipping_Agency""]","{""Freight_Forwarder"": [""ER1""], ""Shipping_Agency"": [""ER1""]}","{""Freight_Forwarder"": [2], ""Shipping_Agency"": [2]}",True,True,9c00eb67ed5e71f9c9a2213c5c05102d44e29f6182c2355fd5d6d1625327282b,83d84c30c32cbf2d399f8ef411677434918513d29a03fc405694f86b77eaec55
qingdao_port,existing_bpmn_mutation,experiments/qingdao_port/collaboration.bpmn,experiments/qingdao_port/global_log_106.txt,20770809,9,25,7,1,missing_message,delete token Appointment at position 20,"[""Appointment""]",[],"[""Customs_Broker"", ""Customs""]","{""Customs"": [""Appointment""], ""Customs_Broker"": [""Appointment""]}","{""Customs"": [2], ""Customs_Broker"": [2]}",True,True,9c00eb67ed5e71f9c9a2213c5c05102d44e29f6182c2355fd5d6d1625327282b,73ddaf0223beb5d19711b2de4b7b0722179b0815928233e406341108e041a21a
qingdao_port,existing_bpmn_mutation,experiments/qingdao_port/collaboration.bpmn,experiments/qingdao_port/global_log_107.txt,20770809,9,25,7,1,sender_only_observation,replace Departure with Departure_s at position 24,"[""Departure""]",[],"[""Shipping_Agency""]","{""Shipping_Agency"": [""Departure""]}","{""Shipping_Agency"": [2]}",True,True,9c00eb67ed5e71f9c9a2213c5c05102d44e29f6182c2355fd5d6d1625327282b,0ab26c16a42e777cdb11503ffd08b4ec9987e76cb2936b296765671e81ad23f3
qingdao_port_simple,existing_bpmn_mutation,experiments/qingdao_port_simple/collaboration.bpmn,experiments/qingdao_port_simple/global_log_100.txt,20780809,3,8,7,1,missing_message,delete token M5_r at position 9,"[""M5""]",[],"[""port""]","{""port"": [""M5""]}","{""port"": [2]}",True,True,430ef53fa65c2a96d9a3a020abf1d790ce1fe0e037c0b87197bb6216d3fa0ff9,00295455d7083946bd696707bdc39be76009132550b8621a648f73a16efc7980
qingdao_port_simple,existing_bpmn_mutation,experiments/qingdao_port_simple/collaboration.bpmn,experiments/qingdao_port_simple/global_log_101.txt,20780809,3,8,7,1,missing_message,delete token M4 at position 7,"[""M4""]",[],"[""forwarder"", ""port""]","{""forwarder"": [""M4""], ""port"": [""M4""]}","{""forwarder"": [2], ""port"": [2]}",True,True,430ef53fa65c2a96d9a3a020abf1d790ce1fe0e037c0b87197bb6216d3fa0ff9,11f6fcebfc671847333fc2cf96514c7003a1e84e3d82f741134db3ce2587ff75
qingdao_port_simple,existing_bpmn_mutation,experiments/qingdao_port_simple/collaboration.bpmn,experiments/qingdao_port_simple/global_log_102.txt,20780809,3,8,7,1,sender_only_observation,replace M2 with M2_s at position 3,"[""M2""]",[],"[""forwarder""]","{""forwarder"": [""M2""]}","{""forwarder"": [2]}",True,True,430ef53fa65c2a96d9a3a020abf1d790ce1fe0e037c0b87197bb6216d3fa0ff9,acf3b67f979d6304f77bd4ef1896b86a253f449b4f76bcf9a7c1a68830f3a241
qingdao_port_simple,existing_bpmn_mutation,experiments/qingdao_port_simple/collaboration.bpmn,experiments/qingdao_port_simple/global_log_103.txt,20780809,3,8,7,1,missing_message,delete token M1 at position 1,"[""M1""]",[],"[""forwarder"", ""agency""]","{""agency"": [""M1""], ""forwarder"": [""M1""]}","{""agency"": [2], ""forwarder"": [2]}",True,True,430ef53fa65c2a96d9a3a020abf1d790ce1fe0e037c0b87197bb6216d3fa0ff9,51197adb6bac4f159b51e5a076a3152657352e4b230e2ac063e62a7f31668cea
qingdao_port_simple,existing_bpmn_mutation,experiments/qingdao_port_simple/collaboration.bpmn,experiments/qingdao_port_simple/global_log_104.txt,20780809,3,8,7,1,sender_only_observation,replace M6 with M6_s at position 8,"[""M6""]",[],"[""port""]","{""port"": [""M6""]}","{""port"": [2]}",True,True,430ef53fa65c2a96d9a3a020abf1d790ce1fe0e037c0b87197bb6216d3fa0ff9,79b13ed5f8a729aa3bf418118f41b1e96d8326a5ea1c6baf68e1c4dbe180126b
qingdao_port_simple,existing_bpmn_mutation,experiments/qingdao_port_simple/collaboration.bpmn,experiments/qingdao_port_simple/global_log_105.txt,20780809,3,8,7,1,missing_message,delete token M8 at position 11,"[""M8""]",[],"[""port""]","{""port"": [""M8""]}","{""port"": [2]}",True,True,430ef53fa65c2a96d9a3a020abf1d790ce1fe0e037c0b87197bb6216d3fa0ff9,c1c23b5c740e1b65ade1d7459a13d8dbe9d63e1b077b6c637162c42b8c6ca0d7
qingdao_port_simple,existing_bpmn_mutation,experiments/qingdao_port_simple/collaboration.bpmn,experiments/qingdao_port_simple/global_log_106.txt,20780809,3,8,7,1,receiver_only_observation,replace M1 with M1_r at position 1,"[""M1""]",[],"[""forwarder""]","{""forwarder"": [""M1""]}","{""forwarder"": [2]}",True,True,430ef53fa65c2a96d9a3a020abf1d790ce1fe0e037c0b87197bb6216d3fa0ff9,c3cde7a8c17177b09e8652389a20e27acdbf8796cbb7a913b574128a6801d0cf
qingdao_port_simple,existing_bpmn_mutation,experiments/qingdao_port_simple/collaboration.bpmn,experiments/qingdao_port_simple/global_log_107.txt,20780809,3,8,7,1,adjacent_swap,swap tokens M2 and M3 at positions 3-4,"[""M2"", ""M3""]",[],"[""forwarder"", ""agency""]","{""agency"": ["".(M2,M3)""], ""forwarder"": ["".(M2,M3)""]}","{""agency"": [5], ""forwarder"": [5]}",True,True,430ef53fa65c2a96d9a3a020abf1d790ce1fe0e037c0b87197bb6216d3fa0ff9,7ddcb7f5896e7ba273a98187fba0d24a3640bbd530b14267e7f9f4e826c8ee00
concrete_casting,existing_bpmn_mutation,experiments/concrete_casting/collaboration.bpmn,experiments/concrete_casting/global_log_100.txt,20790809,4,10,4,1,sender_only_observation,replace concrete_casting_programme with concrete_casting_programme_s at position 1,"[""concrete_casting_programme""]",[],"[""Works_manager""]","{""Works_manager"": [""concrete_casting_programme""]}","{""Works_manager"": [2]}",True,True,b7fa36215c81f7e8a5584cb93145396e4155de36bea13289453c6030ba4c4832,9d499e10bd7945c412fff455c9ac313f752028a9ed16c204398b18a3a815e2f0
concrete_casting,existing_bpmn_mutation,experiments/concrete_casting/collaboration.bpmn,experiments/concrete_casting/global_log_101.txt,20790809,4,10,4,1,receiver_only_observation,replace order with order_r at position 2,"[""order""]",[],"[""Building_contractor""]","{""Building_contractor"": [""order""]}","{""Building_contractor"": [2]}",True,True,b7fa36215c81f7e8a5584cb93145396e4155de36bea13289453c6030ba4c4832,5f235e5aec9169b0e8e37827ce15fcd28b1a5af46e7071c4f6d1dd7583377c72
concrete_casting,existing_bpmn_mutation,experiments/concrete_casting/collaboration.bpmn,experiments/concrete_casting/global_log_102.txt,20790809,4,10,4,1,adjacent_swap,swap tokens register_s and speciment at positions 7-8,"[""register"", ""speciment""]",[],"[""Building_contractor""]","{""Building_contractor"": ["".(register,speciment)""]}","{""Building_contractor"": [5]}",True,True,b7fa36215c81f7e8a5584cb93145396e4155de36bea13289453c6030ba4c4832,68c48e8333c8e52eee7b06cf15e5b0e8aaa62c77bc31c800f6c022cf5d3a8317
concrete_casting,existing_bpmn_mutation,experiments/concrete_casting/collaboration.bpmn,experiments/concrete_casting/global_log_103.txt,20790809,4,10,4,1,receiver_only_observation,replace certificate1 with certificate1_r at position 3,"[""certificate1""]",[],"[""Batching_plant""]","{""Batching_plant"": [""certificate1""]}","{""Batching_plant"": [2]}",True,True,b7fa36215c81f7e8a5584cb93145396e4155de36bea13289453c6030ba4c4832,e00a90dd87ae2d9bea0b0b76451ed1a2e6c9c3f2ec6eeddde3ca2b66a43755de
concrete_casting,existing_bpmn_mutation,experiments/concrete_casting/collaboration.bpmn,experiments/concrete_casting/global_log_104.txt,20790809,4,10,4,1,adjacent_swap,swap tokens register_r and results at positions 9-10,"[""register"", ""results""]",[],"[""Laboratory""]","{""Laboratory"": ["".(register,+(tau,results))""]}","{""Laboratory"": [5]}",True,True,b7fa36215c81f7e8a5584cb93145396e4155de36bea13289453c6030ba4c4832,3db6da02e3723a217dc6f189bbc6d0178cb7cb2b885a159561384a1706378848
concrete_casting,existing_bpmn_mutation,experiments/concrete_casting/collaboration.bpmn,experiments/concrete_casting/global_log_105.txt,20790809,4,10,4,1,missing_message,delete token certificate1 at position 3,"[""certificate1""]",[],"[""Works_manager"", ""Batching_plant""]","{""Batching_plant"": [""certificate1""], ""Works_manager"": [""certificate1""]}","{""Batching_plant"": [2], ""Works_manager"": [2]}",True,True,b7fa36215c81f7e8a5584cb93145396e4155de36bea13289453c6030ba4c4832,dcec5761ebfb3a25cb90ab09424a75792a5fac350e8aa0cbe312716900229988
concrete_casting,existing_bpmn_mutation,experiments/concrete_casting/collaboration.bpmn,experiments/concrete_casting/global_log_106.txt,20790809,4,10,4,1,adjacent_swap,swap tokens concrete_casting_programme and order at positions 1-2,"[""concrete_casting_programme"", ""order""]",[],"[""Building_contractor""]","{""Building_contractor"": ["".(concrete_casting_programme,order)""]}","{""Building_contractor"": [5]}",True,True,b7fa36215c81f7e8a5584cb93145396e4155de36bea13289453c6030ba4c4832,08a570d7dce6280cc21a4033ea17d76ba435d51d0f7a7b24a8a2b7d49fa42cb4
concrete_casting,existing_bpmn_mutation,experiments/concrete_casting/collaboration.bpmn,experiments/concrete_casting/global_log_107.txt,20790809,4,10,4,1,missing_message,delete token certificate2 at position 4,"[""certificate2""]",[],"[""Batching_plant""]","{""Batching_plant"": [""certificate2""]}","{""Batching_plant"": [2]}",True,True,b7fa36215c81f7e8a5584cb93145396e4155de36bea13289453c6030ba4c4832,d09d848e0017b70e9409415598f4a5ef909f4b7b30a14d0e45af46dabebfcea9
airport_pass,existing_bpmn_mutation,experiments/airport_pass/collaboration.bpmn,experiments/airport_pass/global_log_100.txt,20800809,2,6,3,1,receiver_only_observation,replace M1 with M1_r at position 1,"[""M1""]",[],"[""Airport""]","{""Airport"": [""M1""]}","{""Airport"": [2]}",True,True,97903995241708014edde94e7bda6b7f366f763d89d4803ce5065aff553a490f,dd8fe02831b55e52978ca14c4c89ce06224c7ce6d1a4e02cf6c269ef3c197e48
airport_pass,existing_bpmn_mutation,experiments/airport_pass/collaboration.bpmn,experiments/airport_pass/global_log_101.txt,20800809,2,6,3,1,missing_message,delete token M4 at position 3,"[""M4""]",[],"[""Passenger"", ""Airport""]","{""Airport"": [""M4""], ""Passenger"": [""M4""]}","{""Airport"": [2], ""Passenger"": [2]}",True,True,97903995241708014edde94e7bda6b7f366f763d89d4803ce5065aff553a490f,aaa4e46705999c7a3760d22037642a6827ea07c778cd3578ceb433df8f169bf5
airport_pass,existing_bpmn_mutation,experiments/airport_pass/collaboration.bpmn,experiments/airport_pass/global_log_102.txt,20800809,2,6,3,1,missing_message,delete token M2 at position 2,"[""M2""]",[],"[""Passenger"", ""Airport""]","{""Airport"": [""M2""], ""Passenger"": [""M2""]}","{""Airport"": [2], ""Passenger"": [2]}",True,True,97903995241708014edde94e7bda6b7f366f763d89d4803ce5065aff553a490f,6837cda59284ea4b973a3201bb00576a01c2dec24004d2ac52cb68a7bea83a92
airport_pass,existing_bpmn_mutation,experiments/airport_pass/collaboration.bpmn,experiments/airport_pass/global_log_103.txt,20800809,2,6,3,1,sender_only_observation,replace M1 with M1_s at position 1,"[""M1""]",[],"[""Passenger""]","{""Passenger"": [""M1""]}","{""Passenger"": [2]}",True,True,97903995241708014edde94e7bda6b7f366f763d89d4803ce5065aff553a490f,ad25101027cd99ec0280f64cfce9c221b06345b2f3eaa637455d5526e4c9de4a
airport_pass,existing_bpmn_mutation,experiments/airport_pass/collaboration.bpmn,experiments/airport_pass/global_log_104.txt,20800809,2,6,3,1,adjacent_swap,swap tokens M1 and M2 at positions 1-2,"[""M1"", ""M2""]",[],"[""Passenger"", ""Airport""]","{""Airport"": ["".(M1,M2)""], ""Passenger"": ["".(M1,M2)""]}","{""Airport"": [5], ""Passenger"": [5]}",True,True,97903995241708014edde94e7bda6b7f366f763d89d4803ce5065aff553a490f,48f3606f737d01a84545f23a2821677f4dc5e1510aa369de9d5807efab47507a
airport_pass,existing_bpmn_mutation,experiments/airport_pass/collaboration.bpmn,experiments/airport_pass/global_log_105.txt,20800809,2,6,3,1,receiver_only_observation,replace M1 with M1_r at position 1,"[""M1""]",[],"[""Airport""]","{""Airport"": [""M1""]}","{""Airport"": [2]}",True,True,97903995241708014edde94e7bda6b7f366f763d89d4803ce5065aff553a490f,087d04f092552858a08a51a188294be4ca4d3b788c21500a2b46ebf9395296d7
airport_pass,existing_bpmn_mutation,experiments/airport_pass/collaboration.bpmn,experiments/airport_pass/global_log_106.txt,20800809,2,6,3,1,receiver_only_observation,replace M4 with M4_r at position 3,"[""M4""]",[],"[""Airport""]","{""Airport"": [""M4""]}","{""Airport"": [2]}",True,True,97903995241708014edde94e7bda6b7f366f763d89d4803ce5065aff553a490f,0dd7037e4bb9604269769af14ffd3a89150aa17486e8e9b152e962cf302e714d
airport_pass,existing_bpmn_mutation,experiments/airport_pass/collaboration.bpmn,experiments/airport_pass/global_log_107.txt,20800809,2,6,3,1,sender_only_observation,replace M2 with M2_s at position 2,"[""M2""]",[],"[""Passenger""]","{""Passenger"": [""M2""]}","{""Passenger"": [2]}",True,True,97903995241708014edde94e7bda6b7f366f763d89d4803ce5065aff553a490f,36536211c1a4a6d1fe07cabd5c879b27e4bbcba849f8bbe101e217f4981b3d92
company_client,existing_bpmn_mutation,experiments/company_client/collaboration.bpmn,experiments/company_client/global_log_100.txt,20810809,2,7,4,1,adjacent_swap,swap tokens Notification_Ok and Payment_Request at positions 2-3,"[""Notification_Ok"", ""Payment_Request""]",[],"[""Client"", ""Company""]","{""Client"": ["".(Notification_Ok,Payment_Request)""], ""Company"": ["".(Notification_Ok,Payment_Request)""]}","{""Client"": [5], ""Company"": [5]}",True,True,7538d3e2ac1779c0425f23f23c3a5c46251702a8d01854d69cfcedfc07418b48,78aeda44cd2a593b1a6d4d18661d92971936ba6d99e051d856a58df5f2075711
company_client,existing_bpmn_mutation,experiments/company_client/collaboration.bpmn,experiments/company_client/global_log_101.txt,20810809,2,7,4,1,sender_only_observation,replace Payment with Payment_s at position 4,"[""Payment""]",[],"[""Company""]","{""Company"": [""Payment""]}","{""Company"": [2]}",True,True,7538d3e2ac1779c0425f23f23c3a5c46251702a8d01854d69cfcedfc07418b48,b73cb0af977b2c0f562a8ed2b48df9604b55ef22c2e9397da698efa4080ad702
company_client,existing_bpmn_mutation,experiments/company_client/collaboration.bpmn,experiments/company_client/global_log_102.txt,20810809,2,7,4,1,missing_message,delete token Order at position 1,"[""Order""]",[],"[""Client"", ""Company""]","{""Client"": [""Order""], ""Company"": [""Order""]}","{""Client"": [2], ""Company"": [2]}",True,True,7538d3e2ac1779c0425f23f23c3a5c46251702a8d01854d69cfcedfc07418b48,db630792ecee46466b2154254e13fa3e90af3bf2818e71f98c11d855ad9d8efe
company_client,existing_bpmn_mutation,experiments/company_client/collaboration.bpmn,experiments/company_client/global_log_103.txt,20810809,2,7,4,1,sender_only_observation,replace Order with Order_s at position 1,"[""Order""]",[],"[""Company""]","{""Company"": [""Order""]}","{""Company"": [2]}",True,True,7538d3e2ac1779c0425f23f23c3a5c46251702a8d01854d69cfcedfc07418b48,c2b9402f71daa96530603f90390777a9995b34fe935e8a342a5c746707fd35d7
company_client,existing_bpmn_mutation,experiments/company_client/collaboration.bpmn,experiments/company_client/global_log_104.txt,20810809,2,7,4,1,missing_message,delete token Payment at position 4,"[""Payment""]",[],"[""Client"", ""Company""]","{""Client"": [""Payment""], ""Company"": [""Payment""]}","{""Client"": [2], ""Company"": [2]}",True,True,7538d3e2ac1779c0425f23f23c3a5c46251702a8d01854d69cfcedfc07418b48,4800be2d2c2963defc226dbd35fa393767ed2bb851a86bb5699b3fa613eb24d2
company_client,existing_bpmn_mutation,experiments/company_client/collaboration.bpmn,experiments/company_client/global_log_105.txt,20810809,2,7,4,1,sender_only_observation,replace Order with Order_s at position 1,"[""Order""]",[],"[""Company""]","{""Company"": [""Order""]}","{""Company"": [2]}",True,True,7538d3e2ac1779c0425f23f23c3a5c46251702a8d01854d69cfcedfc07418b48,0d3536883961f926d1be2d4cbe47e099f0d047cb5770512c0a10ec00817c9460
company_client,existing_bpmn_mutation,experiments/company_client/collaboration.bpmn,experiments/company_client/global_log_106.txt,20810809,2,7,4,1,receiver_only_observation,replace Order with Order_r at position 1,"[""Order""]",[],"[""Client""]","{""Client"": [""Order""]}","{""Client"": [2]}",True,True,7538d3e2ac1779c0425f23f23c3a5c46251702a8d01854d69cfcedfc07418b48,47d609fa17a5f6a39af4f4e779d161324867101ff6f35b6b8e963775257047a3
company_client,existing_bpmn_mutation,experiments/company_client/collaboration.bpmn,experiments/company_client/global_log_107.txt,20810809,2,7,4,1,missing_message,delete token Notification_Ok at position 2,"[""Notification_Ok""]",[],"[""Client"", ""Company""]","{""Client"": [""Notification_Ok""], ""Company"": [""Notification_Ok""]}","{""Client"": [2], ""Company"": [2]}",True,True,7538d3e2ac1779c0425f23f23c3a5c46251702a8d01854d69cfcedfc07418b48,78f2457085bcc51d8c8ad4bb177097a3af070971216ef244317e38039df3ed0b
self_service_restaurant,existing_bpmn_mutation,experiments/self_service_restaurant/collaboration.bpmn,experiments/self_service_restaurant/global_log_100.txt,20820809,3,7,1,1,receiver_only_observation,replace M5 with M5_r at position 5,"[""M5""]",[],"[""Chef_meal_preparation""]","{""Chef_meal_preparation"": [""M5""]}","{""Chef_meal_preparation"": [2]}",True,True,36fa41bdb249deac1b4b6edeb50f9aab3ac049b440740bb5252712eefd577e38,1e6a7d6ec9980621dfec117913e892d7f151bf7a4c8cecf091db89a00166c51d
self_service_restaurant,existing_bpmn_mutation,experiments/self_service_restaurant/collaboration.bpmn,experiments/self_service_restaurant/global_log_101.txt,20820809,3,7,1,1,sender_only_observation,replace M1 with M1_s at position 1,"[""M1""]",[],"[""Employee_order_processing""]","{""Employee_order_processing"": [""M1""]}","{""Employee_order_processing"": [2]}",True,True,36fa41bdb249deac1b4b6edeb50f9aab3ac049b440740bb5252712eefd577e38,8665c6dca629fb6eed2c76d2441cfbd302e0d345a35a95d778108591acba370e
self_service_restaurant,existing_bpmn_mutation,experiments/self_service_restaurant/collaboration.bpmn,experiments/self_service_restaurant/global_log_102.txt,20820809,3,7,1,1,receiver_only_observation,replace M3 with M3_r at position 3,"[""M3""]",[],"[""Employee_order_processing""]","{""Employee_order_processing"": [""M3""]}","{""Employee_order_processing"": [2]}",True,True,36fa41bdb249deac1b4b6edeb50f9aab3ac049b440740bb5252712eefd577e38,9fdaafae06d1781862a513140230225eee0a1eec650fa2481cfdb21cb15ef1a5
self_service_restaurant,existing_bpmn_mutation,experiments/self_service_restaurant/collaboration.bpmn,experiments/self_service_restaurant/global_log_103.txt,20820809,3,7,1,1,missing_message,delete token M5 at position 5,"[""M5""]",[],"[""Employee_order_processing"", ""Chef_meal_preparation""]","{""Chef_meal_preparation"": [""M5""], ""Employee_order_processing"": [""M5""]}","{""Chef_meal_preparation"": [2], ""Employee_order_processing"": [2]}",True,True,36fa41bdb249deac1b4b6edeb50f9aab3ac049b440740bb5252712eefd577e38,7f576e4c09508bcbe7b1103f2a88a4ed910f2be2cd2da44e105daa409323886a
self_service_restaurant,existing_bpmn_mutation,experiments/self_service_restaurant/collaboration.bpmn,experiments/self_service_restaurant/global_log_104.txt,20820809,3,7,1,1,receiver_only_observation,replace M1 with M1_r at position 1,"[""M1""]",[],"[""Guest_food_consumption""]","{""Guest_food_consumption"": [""M1""]}","{""Guest_food_consumption"": [2]}",True,True,36fa41bdb249deac1b4b6edeb50f9aab3ac049b440740bb5252712eefd577e38,d6d8f3251308a1b1b7e8b3720e74573695c84805b46b4b7a4090f3f04b7425af
self_service_restaurant,existing_bpmn_mutation,experiments/self_service_restaurant/collaboration.bpmn,experiments/self_service_restaurant/global_log_105.txt,20820809,3,7,1,1,missing_message,delete token M2 at position 2,"[""M2""]",[],"[""Guest_food_consumption"", ""Employee_order_processing""]","{""Employee_order_processing"": [""M2""], ""Guest_food_consumption"": [""M2""]}","{""Employee_order_processing"": [2], ""Guest_food_consumption"": [2]}",True,True,36fa41bdb249deac1b4b6edeb50f9aab3ac049b440740bb5252712eefd577e38,baf19d404a0ec4aaf039fd92b9741e71ca2a39b9c73dc069d52ea829fc908aef
self_service_restaurant,existing_bpmn_mutation,experiments/self_service_restaurant/collaboration.bpmn,experiments/self_service_restaurant/global_log_106.txt,20820809,3,7,1,1,missing_message,delete token M7 at position 7,"[""M7""]",[],"[""Guest_food_consumption""]","{""Guest_food_consumption"": [""M7""]}","{""Guest_food_consumption"": [2]}",True,True,36fa41bdb249deac1b4b6edeb50f9aab3ac049b440740bb5252712eefd577e38,8c058438b0662d33e1562f49fdaf2dfef07c92b0da916b43d8f71d1fe3d2b33f
self_service_restaurant,existing_bpmn_mutation,experiments/self_service_restaurant/collaboration.bpmn,experiments/self_service_restaurant/global_log_107.txt,20820809,3,7,1,1,adjacent_swap,swap tokens M1 and M2 at positions 1-2,"[""M1"", ""M2""]",[],"[""Guest_food_consumption"", ""Employee_order_processing""]","{""Employee_order_processing"": ["".(M1,M2)""], ""Guest_food_consumption"": ["".(M1,M2)""]}","{""Employee_order_processing"": [5], ""Guest_food_consumption"": [5]}",True,True,36fa41bdb249deac1b4b6edeb50f9aab3ac049b440740bb5252712eefd577e38,8f748d38907446ef5e63d796ffb0cd19ad20c6182e55fd6bf21eef56aaaa1396
quote_order,existing_bpmn_mutation,experiments/quote_order/collaboration.bpmn,experiments/quote_order/global_log_100.txt,20830809,2,4,2,1,sender_only_observation,replace M2 with M2_s at position 2,"[""M2""]",[],"[""Client""]","{""Client"": [""M2""]}","{""Client"": [2]}",True,True,d6254bd1a5a8f6319b25b5b872e20f17ed13f4f53da9e2dacec2da1615eb2392,2ebf80672d0f6b13f35e7670c0c4221aa591a8007518baf2fb56249b73989f65
quote_order,existing_bpmn_mutation,experiments/quote_order/collaboration.bpmn,experiments/quote_order/global_log_101.txt,20830809,2,4,2,1,receiver_only_observation,replace M1 with M1_r at position 1,"[""M1""]",[],"[""Client""]","{""Client"": [""M1""]}","{""Client"": [2]}",True,True,d6254bd1a5a8f6319b25b5b872e20f17ed13f4f53da9e2dacec2da1615eb2392,be8ce0d3eda74ddfb3b99cb2c62bd0055928c7a30d0a9cc4e0b15131e594c021
quote_order,existing_bpmn_mutation,experiments/quote_order/collaboration.bpmn,experiments/quote_order/global_log_102.txt,20830809,2,4,2,1,missing_message,delete token M1 at position 1,"[""M1""]",[],"[""Client"", ""Seller""]","{""Client"": [""M1""], ""Seller"": [""M1""]}","{""Client"": [2], ""Seller"": [2]}",True,True,d6254bd1a5a8f6319b25b5b872e20f17ed13f4f53da9e2dacec2da1615eb2392,c90d6e725085e0b0fac907e1a5ad87864a9bacf77dde0005d810bdc07fd2a615
quote_order,existing_bpmn_mutation,experiments/quote_order/collaboration.bpmn,experiments/quote_order/global_log_103.txt,20830809,2,4,2,1,receiver_only_observation,replace M1 with M1_r at position 1,"[""M1""]",[],"[""Client""]","{""Client"": [""M1""]}","{""Client"": [2]}",True,True,d6254bd1a5a8f6319b25b5b872e20f17ed13f4f53da9e2dacec2da1615eb2392,b1f21c20c407f6eeef25a18d9d1d3d9c3643a566237b67b956452d5fc62379d4
quote_order,existing_bpmn_mutation,experiments/quote_order/collaboration.bpmn,experiments/quote_order/global_log_104.txt,20830809,2,4,2,1,missing_message,delete token M2 at position 2,"[""M2""]",[],"[""Client"", ""Seller""]","{""Client"": [""M2""], ""Seller"": [""M2""]}","{""Client"": [2], ""Seller"": [2]}",True,True,d6254bd1a5a8f6319b25b5b872e20f17ed13f4f53da9e2dacec2da1615eb2392,99476a59dd55b432945dcd951086bc90b316c72788a1cdcea90bfc3da2db0828
quote_order,existing_bpmn_mutation,experiments/quote_order/collaboration.bpmn,experiments/quote_order/global_log_105.txt,20830809,2,4,2,1,sender_only_observation,replace M1 with M1_s at position 1,"[""M1""]",[],"[""Seller""]","{""Seller"": [""M1""]}","{""Seller"": [2]}",True,True,d6254bd1a5a8f6319b25b5b872e20f17ed13f4f53da9e2dacec2da1615eb2392,218a6aff42d01f6c58451430f09338edfeaf572045218bf0ed3904cbf923543c
quote_order,existing_bpmn_mutation,experiments/quote_order/collaboration.bpmn,experiments/quote_order/global_log_106.txt,20830809,2,4,2,1,sender_only_observation,replace M1 with M1_s at position 1,"[""M1""]",[],"[""Seller""]","{""Seller"": [""M1""]}","{""Seller"": [2]}",True,True,d6254bd1a5a8f6319b25b5b872e20f17ed13f4f53da9e2dacec2da1615eb2392,79db3d9bff701b2cac978361dbd495a3963eed75c37106795849a28504cd8e1c
quote_order,existing_bpmn_mutation,experiments/quote_order/collaboration.bpmn,experiments/quote_order/global_log_107.txt,20830809,2,4,2,1,sender_only_observation,replace M2 with M2_s at position 2,"[""M2""]",[],"[""Client""]","{""Client"": [""M2""]}","{""Client"": [2]}",True,True,d6254bd1a5a8f6319b25b5b872e20f17ed13f4f53da9e2dacec2da1615eb2392,44e4ace1e2e6f78116fa31e176d679a6191fced999420dfecffc99c75dd2d6e7
credit_scoring,existing_bpmn_mutation,experiments/credit_scoring/collaboration.bpmn,experiments/credit_scoring/global_log_100.txt,20840809,3,6,2,1,receiver_only_observation,replace M1 with M1_r at position 1,"[""M1""]",[],"[""credit_scoring_frontend__bank_""]","{""credit_scoring_frontend__bank_"": [""M1""]}","{""credit_scoring_frontend__bank_"": [2]}",True,True,cfe9353244c0b6f77567843d53a807a076d30b7789629611af8946030df917e2,81abd3327644caeb854467133b78987dc8e3fb8d02ba4ef514cfc089090f474c
credit_scoring,existing_bpmn_mutation,experiments/credit_scoring/collaboration.bpmn,experiments/credit_scoring/global_log_101.txt,20840809,3,6,2,1,receiver_only_observation,replace M6 with M6_r at position 4,"[""M6""]",[],"[""credit_scoring__bank_""]","{""credit_scoring__bank_"": [""M6""]}","{""credit_scoring__bank_"": [2]}",True,True,cfe9353244c0b6f77567843d53a807a076d30b7789629611af8946030df917e2,54a42ac7e4aa0451696b9ff88774d8fd36b56fd8d5d3e4412f25920813872251
credit_scoring,existing_bpmn_mutation,experiments/credit_scoring/collaboration.bpmn,experiments/credit_scoring/global_log_102.txt,20840809,3,6,2,1,sender_only_observation,replace M5 with M5_s at position 4,"[""M5""]",[],"[""credit_scoring__bank_""]","{""credit_scoring__bank_"": [""M5""]}","{""credit_scoring__bank_"": [2]}",True,True,cfe9353244c0b6f77567843d53a807a076d30b7789629611af8946030df917e2,55fe94e9ef7cf30de073cc1268ae8efde83468f7f58cb67f5675af908e625d1f
credit_scoring,existing_bpmn_mutation,experiments/credit_scoring/collaboration.bpmn,experiments/credit_scoring/global_log_103.txt,20840809,3,6,2,1,missing_message,delete token M1 at position 1,"[""M1""]",[],"[""credit_scoring_frontend__bank_"", ""credit_scoring__bank_""]","{""credit_scoring__bank_"": [""M1""], ""credit_scoring_frontend__bank_"": [""M1""]}","{""credit_scoring__bank_"": [2], ""credit_scoring_frontend__bank_"": [2]}",True,True,cfe9353244c0b6f77567843d53a807a076d30b7789629611af8946030df917e2,7ccf0ed5c8a1795a166065a21908854f30698fd327ccd068dff6e29d560b3f20
credit_scoring,existing_bpmn_mutation,experiments/credit_scoring/collaboration.bpmn,experiments/credit_scoring/global_log_104.txt,20840809,3,6,2,1,receiver_only_observation,replace M2 with M2_r at position 2,"[""M2""]",[],"[""credit_scoring__bank_""]","{""credit_scoring__bank_"": [""M2""]}","{""credit_scoring__bank_"": [2]}",True,True,cfe9353244c0b6f77567843d53a807a076d30b7789629611af8946030df917e2,6a8ff2b558a06ed20de1b5801143976120cc43453311972d326c34434c904dc3
credit_scoring,existing_bpmn_mutation,experiments/credit_scoring/collaboration.bpmn,experiments/credit_scoring/global_log_105.txt,20840809,3,6,2,1,sender_only_observation,replace M2 with M2_s at position 2,"[""M2""]",[],"[""scoring_service""]","{""scoring_service"": [""M2""]}","{""scoring_service"": [2]}",True,True,cfe9353244c0b6f77567843d53a807a076d30b7789629611af8946030df917e2,c81ed124a76ed405031e8d2fcff19e6fbdf0d3161a6bef549ad26b43b131aebe
credit_scoring,existing_bpmn_mutation,experiments/credit_scoring/collaboration.bpmn,experiments/credit_scoring/global_log_106.txt,20840809,3,6,2,1,adjacent_swap,swap tokens M3 and M5 at positions 3-4,"[""M3"", ""M5""]",[],"[""credit_scoring__bank_"", ""scoring_service""]","{""credit_scoring__bank_"": ["".(M3,M5)""], ""scoring_service"": ["".(M3,M5)""]}","{""credit_scoring__bank_"": [5], ""scoring_service"": [5]}",True,True,cfe9353244c0b6f77567843d53a807a076d30b7789629611af8946030df917e2,a35f9b218d6814180c6ce52d765f5315b67239daf9c4073825f7c698181ce69e
credit_scoring,existing_bpmn_mutation,experiments/credit_scoring/collaboration.bpmn,experiments/credit_scoring/global_log_107.txt,20840809,3,6,2,1,receiver_only_observation,replace M1 with M1_r at position 1,"[""M1""]",[],"[""credit_scoring_frontend__bank_""]","{""credit_scoring_frontend__bank_"": [""M1""]}","{""credit_scoring_frontend__bank_"": [2]}",True,True,cfe9353244c0b6f77567843d53a807a076d30b7789629611af8946030df917e2,f2996f8f8ca207b5f11541be01edc83643f1aaf64505f8ac7f183d5b555ad83c
